,,PartsAuthority Sales count,PartsAuthority Sales count,PartsAuthority Sales count,PartsAuthority Sales count,PartsAuthority Sales count,PartsAuthority Sales count,PartsAuthority Sales count,PartsAuthority Sales count,PartsAuthority Sales count,PartsAuthority Sales count,PartsAuthority Sales count,PartsAuthority Sales count,PartsAuthority Sales count,SSF Sales count,SSF Sales count,SSF Sales count,SSF Sales count,SSF Sales count,SSF Sales count,SSF Sales count,SSF Sales count,SSF Sales count,SSF Sales count,SSF Sales count,SSF Sales count,SSF Sales count,Total Units Sold Sales count,Total Units Sold Sales count,Total Units Sold Sales count,Total Units Sold Sales count,Total Units Sold Sales count,Total Units Sold Sales count,Total Units Sold Sales count,Total Units Sold Sales count,Total Units Sold Sales count,Total Units Sold Sales count,Total Units Sold Sales count,Total Units Sold Sales count,Total Units Sold Sales count,UnitsSold360 Sales count,UnitsSold360 Sales count,UnitsSold360 Sales count,UnitsSold360 Sales count,UnitsSold360 Sales count,UnitsSold360 Sales count,UnitsSold360 Sales count,UnitsSold360 Sales count,UnitsSold360 Sales count,UnitsSold360 Sales count,UnitsSold360 Sales count,UnitsSold360 Sales count,UnitsSold360 Sales count,WorldPac Sales count,WorldPac Sales count,WorldPac Sales count,WorldPac Sales count,WorldPac Sales count,WorldPac Sales count,WorldPac Sales count,WorldPac Sales count,WorldPac Sales count,WorldPac Sales count,WorldPac Sales count,WorldPac Sales count,WorldPac Sales count
Category,,Accessories,Body,Brakes,Climate Control,Cooling,Drivetrain & Hub,Electrical,Engine,Exhaust,Fuel,Steering,Suspension,Transmission,Accessories,Body,Brakes,Climate Control,Cooling,Drivetrain & Hub,Electrical,Engine,Exhaust,Fuel,Steering,Suspension,Transmission,Accessories,Body,Brakes,Climate Control,Cooling,Drivetrain & Hub,Electrical,Engine,Exhaust,Fuel,Steering,Suspension,Transmission,Accessories,Body,Brakes,Climate Control,Cooling,Drivetrain & Hub,Electrical,Engine,Exhaust,Fuel,Steering,Suspension,Transmission,Accessories,Body,Brakes,Climate Control,Cooling,Drivetrain & Hub,Electrical,Engine,Exhaust,Fuel,Steering,Suspension,Transmission
Make,Sales Year,,,,,,,,,,,,,,,,,,,,,,,,,,,,,,,,,,,,,,,,,,,,,,,,,,,,,,,,,,,,,,,,,
Acura,2019,0.0,0.0,0.0,0.0,0.0,0.0,0.0,0.0,0.0,0.0,0.0,0.0,0.0,0.0,0.0,0.0,0.0,0.0,0.0,0.0,0.0,0.0,0.0,0.0,0.0,0.0,0.0,0.0,0.0,0.0,0.0,0.0,0.0,0.0,0.0,0.0,0.0,0.0,0.0,0.0,0.0,0.0,34.0,0.0,0.0,0.0,0.0,0.0,0.0,0.0,0.0,0.0,0.0,0.0,0.0,0.0,0.0,0.0,0.0,0.0,0.0,0.0,0.0,0.0,0.0
Acura,2020,0.0,0.0,0.0,0.0,0.0,0.0,0.0,0.0,0.0,0.0,0.0,0.0,0.0,0.0,0.0,0.0,0.0,0.0,0.0,0.0,0.0,0.0,0.0,0.0,0.0,0.0,0.0,0.0,0.0,36.0,0.0,0.0,0.0,0.0,0.0,0.0,0.0,0.0,0.0,0.0,0.0,0.0,0.0,0.0,0.0,0.0,0.0,0.0,0.0,0.0,0.0,0.0,0.0,0.0,0.0,0.0,0.0,0.0,0.0,0.0,0.0,0.0,0.0,0.0,0.0
Audi,2016,0.0,157.0,40.0,30.0,124.0,0.0,185.0,885.0,0.0,15.0,48.0,283.0,0.0,0.0,151.0,0.0,0.0,30.0,0.0,24.0,16.0,0.0,89.0,0.0,0.0,0.0,0.0,1206.0,266.0,86.0,1760.0,0.0,1076.0,3199.0,0.0,677.0,264.0,2091.0,0.0,0.0,0.0,0.0,0.0,0.0,0.0,0.0,0.0,0.0,0.0,0.0,0.0,0.0,0.0,7.0,0.0,0.0,545.0,0.0,349.0,1050.0,0.0,275.0,22.0,129.0,0.0
Audi,2017,0.0,244.0,13.0,30.0,235.0,0.0,119.0,783.0,0.0,11.0,79.0,335.0,0.0,0.0,168.0,0.0,0.0,34.0,0.0,30.0,49.0,0.0,81.0,22.0,0.0,0.0,0.0,1503.0,307.0,100.0,1455.0,0.0,1091.0,2586.0,0.0,532.0,417.0,2584.0,0.0,0.0,0.0,0.0,0.0,0.0,0.0,0.0,0.0,0.0,0.0,0.0,0.0,0.0,0.0,0.0,0.0,0.0,18.0,0.0,217.0,39.0,0.0,214.0,58.0,37.0,0.0
Audi,2018,0.0,173.0,46.0,24.0,264.0,0.0,223.0,916.0,0.0,74.0,155.0,622.0,0.0,0.0,89.0,0.0,0.0,56.0,0.0,114.0,171.0,0.0,110.0,48.0,0.0,0.0,0.0,1916.0,262.0,101.0,1517.0,0.0,1760.0,3512.0,0.0,1829.0,985.0,3632.0,0.0,0.0,0.0,0.0,0.0,0.0,0.0,0.0,0.0,0.0,0.0,0.0,0.0,0.0,0.0,60.0,0.0,0.0,25.0,0.0,495.0,318.0,0.0,1210.0,283.0,0.0,0.0
Audi,2019,0.0,162.0,70.0,30.0,388.0,0.0,455.0,1379.0,0.0,273.0,232.0,982.0,0.0,0.0,69.0,0.0,0.0,180.0,0.0,144.0,223.0,0.0,152.0,33.0,0.0,0.0,0.0,2183.0,584.0,415.0,2748.0,0.0,1789.0,4618.0,0.0,1978.0,825.0,5179.0,17.0,0.0,2266.0,481.0,1533.0,3622.0,0.0,1941.0,5276.0,0.0,2413.0,1112.0,6249.0,42.0,0.0,86.0,0.0,191.0,882.0,0.0,320.0,893.0,0.0,924.0,134.0,54.0,0.0
Audi,2020,0.0,129.0,51.0,85.0,557.0,0.0,387.0,1323.0,0.0,429.0,282.0,1070.0,0.0,0.0,123.0,0.0,0.0,160.0,0.0,97.0,139.0,0.0,130.0,39.0,0.0,0.0,0.0,1727.0,292.0,1280.0,2644.0,0.0,1530.0,4305.0,0.0,1714.0,868.0,4713.0,30.0,0.0,0.0,0.0,0.0,0.0,0.0,0.0,0.0,0.0,0.0,0.0,0.0,0.0,0.0,91.0,2.0,1028.0,696.0,0.0,256.0,498.0,0.0,525.0,193.0,88.0,8.0
Austin Healey,2016,0.0,0.0,0.0,0.0,5.0,0.0,0.0,0.0,0.0,0.0,0.0,0.0,0.0,0.0,0.0,0.0,0.0,0.0,0.0,0.0,0.0,0.0,0.0,0.0,0.0,0.0,0.0,0.0,0.0,0.0,407.0,0.0,0.0,0.0,0.0,0.0,0.0,0.0,0.0,0.0,0.0,0.0,0.0,0.0,0.0,0.0,0.0,0.0,0.0,0.0,0.0,0.0,0.0,0.0,0.0,0.0,21.0,0.0,0.0,0.0,0.0,0.0,0.0,0.0,0.0
Austin Healey,2017,0.0,0.0,0.0,0.0,6.0,0.0,0.0,0.0,0.0,0.0,0.0,0.0,0.0,0.0,0.0,0.0,0.0,0.0,0.0,0.0,0.0,0.0,0.0,0.0,0.0,0.0,0.0,0.0,0.0,0.0,387.0,0.0,0.0,0.0,0.0,0.0,0.0,0.0,0.0,0.0,0.0,0.0,0.0,0.0,0.0,0.0,0.0,0.0,0.0,0.0,0.0,0.0,0.0,0.0,0.0,0.0,6.0,0.0,0.0,0.0,0.0,0.0,0.0,0.0,0.0
Austin Healey,2018,0.0,0.0,0.0,0.0,2.0,0.0,0.0,0.0,0.0,0.0,0.0,0.0,0.0,0.0,0.0,0.0,0.0,0.0,0.0,0.0,0.0,0.0,0.0,0.0,0.0,0.0,0.0,0.0,0.0,0.0,285.0,0.0,0.0,0.0,0.0,0.0,0.0,0.0,0.0,0.0,0.0,0.0,0.0,0.0,0.0,0.0,0.0,0.0,0.0,0.0,0.0,0.0,0.0,0.0,0.0,0.0,2.0,0.0,0.0,0.0,0.0,0.0,0.0,0.0,0.0
Austin Healey,2019,0.0,0.0,0.0,0.0,4.0,0.0,0.0,0.0,0.0,0.0,0.0,0.0,0.0,0.0,0.0,0.0,0.0,0.0,0.0,0.0,0.0,0.0,0.0,0.0,0.0,0.0,0.0,0.0,0.0,0.0,433.0,0.0,0.0,0.0,0.0,0.0,0.0,0.0,0.0,0.0,0.0,0.0,0.0,318.0,0.0,0.0,0.0,0.0,0.0,0.0,0.0,0.0,0.0,0.0,0.0,0.0,4.0,0.0,0.0,0.0,0.0,0.0,0.0,0.0,0.0
Austin Healey,2020,0.0,0.0,0.0,0.0,9.0,0.0,0.0,0.0,0.0,0.0,0.0,0.0,0.0,0.0,0.0,0.0,0.0,0.0,0.0,0.0,0.0,0.0,0.0,0.0,0.0,0.0,0.0,0.0,0.0,0.0,211.0,0.0,0.0,0.0,0.0,0.0,0.0,0.0,0.0,0.0,0.0,0.0,0.0,0.0,0.0,0.0,0.0,0.0,0.0,0.0,0.0,0.0,0.0,0.0,0.0,0.0,1.0,0.0,0.0,0.0,0.0,0.0,0.0,0.0,0.0
BMW,2016,0.0,7118.016949152543,2528.0,492.0,14315.016949152541,1522.0,2684.4237288135596,8208.22033898305,34.0,4141.906779661017,736.0,3106.406779661017,425.0,0.0,5550.830508474576,91.0,31.0,3879.8305084745766,676.0,1698.7627118644064,2261.7966101694915,27.0,1438.4322033898306,78.0,1067.9322033898306,545.0,72.0,53946.254237288136,32198.0,11929.0,72044.25423728814,8407.0,19706.35593220339,75615.30508474576,394.0,20487.601694915254,8080.0,32062.101694915254,4427.0,0.0,0.0,0.0,0.0,0.0,0.0,0.0,0.0,0.0,0.0,0.0,0.0,0.0,0.0,15550.245762711864,711.0,9146.0,20543.245762711864,3259.0,4103.144067796609,19771.694915254237,175.0,5810.3983050847455,2597.0,14071.898305084746,1634.0
BMW,2017,0.0,8096.025423728814,1957.0,811.0,12776.025423728814,1555.0,3118.6355932203396,9682.830508474577,32.0,4149.610169491525,987.0,4246.610169491525,357.0,0.0,6944.118644067797,132.0,39.0,4852.118644067796,616.0,2507.966101694916,2918.542372881356,41.0,1808.3474576271187,98.0,1600.8474576271187,544.0,74.0,56761.03389830508,32357.0,7910.0,75964.03389830509,7870.0,23945.84745762712,67740.4406779661,606.0,29089.313559322036,7686.0,31940.813559322032,4985.0,0.0,0.0,0.0,0.0,0.0,0.0,0.0,0.0,0.0,0.0,0.0,0.0,0.0,0.0,11883.957627118645,1015.0,4514.0,18840.957627118645,2384.0,4548.940677966102,13043.949152542373,78.0,7745.483050847458,2227.0,10978.983050847457,1623.0
BMW,2018,0.0,8777.77966101695,2756.0,999.0,12632.77966101695,1411.0,3320.491525423729,13015.135593220339,35.0,4148.21186440678,831.0,3869.7118644067796,431.0,0.0,7815.533898305084,181.0,160.0,5428.533898305085,439.0,2328.3474576271183,5231.440677966102,0.0,2367.813559322034,236.0,2378.813559322034,978.0,69.0,60147.65254237289,30831.0,10499.0,82076.65254237289,7922.0,30756.313559322036,97592.48305084744,360.0,33546.161016949154,8110.0,35422.661016949154,6389.0,0.0,0.0,0.0,0.0,0.0,0.0,0.0,0.0,0.0,0.0,0.0,0.0,0.0,0.0,11612.601694915254,940.0,5560.0,20626.601694915254,2989.0,6663.042372881357,34493.3220338983,63.0,8811.440677966102,2350.0,10915.440677966102,1817.0
BMW,2019,0.0,9824.21186440678,3121.0,1625.0,14562.211864406778,1502.0,5389.296610169492,20542.754237288136,13.0,6749.0847457627115,1622.0,7009.0847457627115,1067.0,0.0,6925.6949152542375,215.0,318.0,5284.6949152542375,490.0,3049.372881355932,5725.033898305084,0.0,2913.677966101695,400.0,2387.677966101695,1475.0,52.0,55760.0593220339,27064.0,9800.0,69293.0593220339,7288.0,37399.483050847455,110526.27118644069,568.0,34103.92372881356,10713.0,33565.42372881356,10846.0,56.0,66013.49152542373,21134.0,8169.0,74537.49152542373,8147.0,47688.28813559322,139551.38983050847,735.0,46930.29661016949,13832.0,39919.79661016949,14917.0,0.0,7081.21186440678,2049.0,4906.0,13713.211864406778,2332.0,9547.296610169491,37912.25423728813,154.0,9662.084745762711,2292.0,7366.0847457627115,3349.0
BMW,2020,0.0,10827.99152542373,3311.0,1570.0,13705.991525423728,1459.0,7181.788135593222,21899.889830508473,28.0,7895.796610169491,1914.0,8508.796610169491,1874.0,0.0,7919.372881355932,225.0,213.0,4930.372881355932,441.0,3014.3220338983056,5541.847457627118,0.0,2805.9491525423728,352.0,2449.9491525423728,1712.0,51.0,53719.29661016949,17162.0,6782.0,55741.2966101695,6549.0,36330.41525423728,99833.8559322034,581.0,27361.118644067796,10198.0,30300.118644067796,12152.0,0.0,0.0,0.0,0.0,0.0,0.0,0.0,0.0,0.0,0.0,0.0,0.0,0.0,0.0,5960.3983050847455,1641.0,2366.0,7795.398305084747,1509.0,6932.957627118644,31936.6779661017,11.0,4843.559322033898,2255.0,5475.559322033899,2181.0
Cadillac,2018,0.0,0.0,0.0,0.0,0.0,0.0,0.0,0.0,0.0,0.0,0.0,0.0,0.0,0.0,0.0,0.0,0.0,0.0,0.0,0.0,0.0,0.0,0.0,0.0,0.0,0.0,0.0,0.0,0.0,5.0,0.0,0.0,0.0,0.0,0.0,0.0,0.0,0.0,0.0,0.0,0.0,0.0,0.0,0.0,0.0,0.0,0.0,0.0,0.0,0.0,0.0,0.0,0.0,0.0,0.0,0.0,0.0,0.0,0.0,0.0,0.0,0.0,0.0,0.0,0.0
Cadillac,2019,0.0,0.0,0.0,0.0,0.0,0.0,0.0,0.0,0.0,0.0,0.0,0.0,0.0,0.0,0.0,0.0,0.0,0.0,0.0,0.0,0.0,0.0,0.0,0.0,0.0,0.0,0.0,0.0,0.0,18.0,0.0,0.0,0.0,0.0,0.0,0.0,0.0,0.0,0.0,0.0,0.0,0.0,23.0,0.0,0.0,0.0,0.0,0.0,0.0,0.0,0.0,0.0,0.0,0.0,0.0,0.0,0.0,0.0,0.0,0.0,0.0,0.0,0.0,0.0,0.0
Cadillac,2020,0.0,0.0,0.0,0.0,0.0,0.0,0.0,0.0,0.0,0.0,0.0,0.0,0.0,0.0,0.0,0.0,0.0,0.0,0.0,0.0,0.0,0.0,0.0,0.0,0.0,0.0,0.0,0.0,0.0,9.0,0.0,0.0,0.0,0.0,0.0,0.0,0.0,0.0,0.0,0.0,0.0,0.0,0.0,0.0,0.0,0.0,0.0,0.0,0.0,0.0,0.0,0.0,0.0,0.0,0.0,0.0,0.0,0.0,0.0,0.0,0.0,0.0,0.0,0.0,0.0
Chevrolet,2016,0.0,309.0,0.0,0.0,0.0,0.0,0.0,0.0,0.0,0.0,0.0,0.0,0.0,0.0,201.0,0.0,0.0,0.0,0.0,0.0,0.0,0.0,0.0,0.0,0.0,0.0,0.0,7818.0,0.0,0.0,0.0,0.0,0.0,0.0,0.0,0.0,0.0,0.0,0.0,0.0,0.0,0.0,0.0,0.0,0.0,0.0,0.0,0.0,0.0,0.0,0.0,0.0,0.0,257.0,0.0,0.0,0.0,0.0,0.0,0.0,0.0,0.0,0.0,0.0,0.0
Chevrolet,2017,0.0,553.0,0.0,0.0,0.0,0.0,0.0,0.0,0.0,0.0,0.0,0.0,0.0,0.0,249.0,0.0,0.0,0.0,0.0,0.0,0.0,0.0,0.0,0.0,0.0,0.0,0.0,8398.0,0.0,0.0,0.0,0.0,0.0,0.0,0.0,0.0,0.0,0.0,0.0,0.0,0.0,0.0,0.0,0.0,0.0,0.0,0.0,0.0,0.0,0.0,0.0,0.0,0.0,288.0,0.0,0.0,0.0,0.0,0.0,0.0,0.0,0.0,0.0,0.0,0.0
Chevrolet,2018,0.0,539.0,0.0,0.0,0.0,94.0,0.0,0.0,0.0,0.0,0.0,0.0,0.0,0.0,297.0,0.0,0.0,0.0,0.0,0.0,0.0,0.0,0.0,0.0,0.0,0.0,0.0,9977.0,0.0,0.0,0.0,740.0,9.0,0.0,0.0,2.0,0.0,0.0,0.0,0.0,0.0,0.0,0.0,0.0,0.0,0.0,0.0,0.0,0.0,0.0,0.0,0.0,0.0,437.0,0.0,0.0,0.0,320.0,0.0,0.0,0.0,0.0,0.0,0.0,0.0
Chevrolet,2019,0.0,177.0,0.0,0.0,0.0,339.0,0.0,0.0,0.0,0.0,0.0,0.0,0.0,0.0,189.0,0.0,0.0,0.0,0.0,0.0,0.0,0.0,0.0,0.0,0.0,0.0,0.0,14180.0,0.0,0.0,1916.0,1411.0,46.0,0.0,0.0,11.0,0.0,0.0,0.0,0.0,8799.0,0.0,0.0,3397.0,1130.0,90.0,0.0,0.0,13.0,0.0,0.0,0.0,0.0,251.0,0.0,0.0,1636.0,207.0,0.0,0.0,0.0,0.0,0.0,0.0,0.0
Chevrolet,2020,0.0,410.0,0.0,0.0,56.0,329.0,0.0,0.0,0.0,0.0,0.0,0.0,0.0,0.0,270.0,0.0,0.0,0.0,0.0,0.0,0.0,0.0,0.0,0.0,0.0,0.0,0.0,5204.0,0.0,0.0,2358.0,956.0,80.0,0.0,0.0,13.0,0.0,0.0,0.0,0.0,0.0,0.0,0.0,0.0,0.0,0.0,0.0,0.0,0.0,0.0,0.0,0.0,0.0,5.0,0.0,0.0,1549.0,0.0,0.0,0.0,0.0,1.0,0.0,0.0,0.0
Chrysler,2016,0.0,0.0,0.0,0.0,0.0,0.0,0.0,0.0,0.0,0.0,0.0,0.0,0.0,0.0,0.0,0.0,0.0,0.0,0.0,0.0,0.0,0.0,0.0,0.0,0.0,0.0,53.0,48.0,0.0,0.0,0.0,0.0,0.0,0.0,0.0,0.0,0.0,0.0,0.0,0.0,0.0,0.0,0.0,0.0,0.0,0.0,0.0,0.0,0.0,0.0,0.0,0.0,0.0,0.0,0.0,0.0,0.0,0.0,0.0,0.0,0.0,0.0,0.0,0.0,0.0
Chrysler,2017,0.0,0.0,0.0,0.0,0.0,0.0,0.0,0.0,0.0,0.0,0.0,0.0,0.0,0.0,0.0,0.0,0.0,0.0,0.0,0.0,0.0,0.0,0.0,0.0,0.0,0.0,60.0,94.0,0.0,0.0,0.0,0.0,0.0,0.0,0.0,0.0,0.0,0.0,0.0,0.0,0.0,0.0,0.0,0.0,0.0,0.0,0.0,0.0,0.0,0.0,0.0,0.0,0.0,0.0,0.0,0.0,0.0,0.0,0.0,0.0,0.0,0.0,0.0,0.0,0.0
Chrysler,2018,0.0,0.0,0.0,0.0,0.0,0.0,0.0,0.0,0.0,0.0,0.0,0.0,0.0,0.0,0.0,0.0,0.0,0.0,0.0,0.0,0.0,0.0,0.0,0.0,0.0,0.0,56.0,51.0,0.0,0.0,0.0,0.0,0.0,0.0,0.0,0.0,0.0,0.0,0.0,0.0,0.0,0.0,0.0,0.0,0.0,0.0,0.0,0.0,0.0,0.0,0.0,0.0,0.0,0.0,0.0,0.0,0.0,0.0,0.0,0.0,0.0,0.0,0.0,0.0,0.0
Chrysler,2019,0.0,0.0,0.0,0.0,0.0,0.0,0.0,0.0,0.0,0.0,0.0,0.0,0.0,0.0,0.0,0.0,0.0,0.0,0.0,0.0,0.0,0.0,0.0,0.0,0.0,0.0,82.0,87.0,0.0,0.0,0.0,0.0,0.0,0.0,0.0,0.0,0.0,0.0,0.0,78.0,76.0,0.0,0.0,0.0,0.0,0.0,0.0,0.0,0.0,0.0,0.0,0.0,0.0,0.0,0.0,0.0,0.0,0.0,0.0,0.0,0.0,0.0,0.0,0.0,0.0
Chrysler,2020,0.0,0.0,0.0,0.0,0.0,0.0,0.0,0.0,0.0,0.0,0.0,0.0,0.0,0.0,0.0,0.0,0.0,0.0,0.0,0.0,0.0,0.0,0.0,0.0,0.0,0.0,47.0,33.0,0.0,0.0,0.0,0.0,0.0,0.0,0.0,0.0,0.0,0.0,0.0,0.0,0.0,0.0,0.0,0.0,0.0,0.0,0.0,0.0,0.0,0.0,0.0,0.0,0.0,0.0,0.0,0.0,0.0,0.0,0.0,0.0,0.0,0.0,0.0,0.0,0.0
Dodge,2016,0.0,0.0,0.0,0.0,0.0,0.0,0.0,0.0,0.0,0.0,0.0,10.0,0.0,0.0,0.0,0.0,0.0,0.0,0.0,0.0,0.0,0.0,0.0,0.0,0.0,0.0,0.0,0.0,0.0,0.0,0.0,0.0,0.0,0.0,0.0,0.0,0.0,49.0,0.0,0.0,0.0,0.0,0.0,0.0,0.0,0.0,0.0,0.0,0.0,0.0,0.0,0.0,0.0,0.0,0.0,0.0,0.0,0.0,0.0,0.0,0.0,0.0,0.0,0.0,0.0
Dodge,2017,0.0,0.0,0.0,0.0,0.0,0.0,0.0,0.0,0.0,0.0,0.0,14.0,0.0,0.0,0.0,0.0,0.0,0.0,0.0,0.0,0.0,0.0,0.0,0.0,0.0,0.0,0.0,0.0,0.0,0.0,0.0,0.0,0.0,0.0,0.0,0.0,0.0,94.0,0.0,0.0,0.0,0.0,0.0,0.0,0.0,0.0,0.0,0.0,0.0,0.0,0.0,0.0,0.0,0.0,0.0,0.0,0.0,0.0,0.0,0.0,0.0,0.0,0.0,0.0,0.0
Dodge,2018,0.0,0.0,0.0,0.0,0.0,0.0,0.0,0.0,0.0,0.0,0.0,10.0,0.0,0.0,0.0,0.0,0.0,0.0,0.0,0.0,0.0,0.0,0.0,0.0,0.0,0.0,0.0,0.0,0.0,0.0,0.0,0.0,0.0,0.0,0.0,0.0,0.0,97.0,0.0,0.0,0.0,0.0,0.0,0.0,0.0,0.0,0.0,0.0,0.0,0.0,0.0,0.0,0.0,0.0,0.0,0.0,0.0,0.0,0.0,0.0,0.0,0.0,0.0,0.0,0.0
Dodge,2019,0.0,0.0,0.0,0.0,0.0,0.0,0.0,0.0,0.0,0.0,0.0,14.0,0.0,0.0,0.0,0.0,0.0,0.0,0.0,0.0,0.0,0.0,0.0,0.0,0.0,0.0,0.0,24.0,0.0,23.0,0.0,0.0,0.0,74.0,0.0,0.0,0.0,100.0,0.0,0.0,29.0,0.0,107.0,0.0,0.0,0.0,135.0,0.0,458.0,0.0,28.0,0.0,0.0,0.0,0.0,0.0,0.0,0.0,0.0,1.0,0.0,0.0,0.0,0.0,0.0
Dodge,2020,0.0,0.0,0.0,0.0,0.0,0.0,0.0,0.0,0.0,221.0,0.0,5.0,0.0,0.0,0.0,0.0,0.0,0.0,0.0,0.0,0.0,0.0,63.0,0.0,0.0,0.0,0.0,5.0,0.0,86.0,0.0,0.0,0.0,103.0,0.0,455.0,0.0,28.0,0.0,0.0,0.0,0.0,0.0,0.0,0.0,0.0,0.0,0.0,0.0,0.0,0.0,0.0,0.0,0.0,0.0,0.0,0.0,0.0,0.0,12.0,0.0,0.0,0.0,0.0,0.0
Ford,2018,0.0,0.0,0.0,0.0,0.0,0.0,0.0,28.0,0.0,0.0,0.0,0.0,0.0,0.0,0.0,0.0,0.0,0.0,0.0,0.0,0.0,0.0,0.0,0.0,0.0,0.0,0.0,0.0,0.0,14.0,36.0,0.0,4.0,605.0,46.0,0.0,0.0,0.0,0.0,0.0,0.0,0.0,0.0,0.0,0.0,0.0,0.0,0.0,0.0,0.0,0.0,0.0,0.0,0.0,0.0,0.0,0.0,0.0,0.0,0.0,0.0,0.0,0.0,0.0,0.0
Ford,2019,0.0,0.0,0.0,0.0,0.0,0.0,0.0,15.0,0.0,0.0,0.0,0.0,0.0,0.0,0.0,0.0,0.0,0.0,0.0,0.0,0.0,0.0,0.0,0.0,0.0,0.0,0.0,0.0,0.0,99.0,159.0,0.0,17.0,735.0,557.0,0.0,0.0,0.0,0.0,0.0,0.0,0.0,268.0,424.0,0.0,19.0,1123.0,1027.0,0.0,0.0,0.0,0.0,0.0,0.0,0.0,0.0,0.0,0.0,0.0,1.0,164.0,0.0,0.0,0.0,0.0
Ford,2020,0.0,0.0,0.0,0.0,0.0,0.0,0.0,95.0,78.0,0.0,0.0,0.0,0.0,0.0,0.0,0.0,0.0,0.0,0.0,0.0,0.0,0.0,0.0,0.0,0.0,0.0,0.0,0.0,0.0,185.0,374.0,0.0,13.0,927.0,708.0,0.0,0.0,0.0,0.0,0.0,0.0,0.0,0.0,0.0,0.0,0.0,0.0,0.0,0.0,0.0,0.0,0.0,0.0,0.0,0.0,38.0,0.0,0.0,1.0,2.0,297.0,0.0,0.0,0.0,0.0
Freightliner,2016,0.0,0.0,143.0,67.0,0.0,0.0,0.0,70.0,0.0,0.0,0.0,0.0,33.0,0.0,0.0,0.0,0.0,25.0,0.0,0.0,0.0,0.0,0.0,0.0,0.0,0.0,0.0,0.0,5637.0,110.0,123.5,0.0,0.0,1559.0,0.0,0.0,0.0,0.0,763.0,0.0,0.0,0.0,0.0,0.0,0.0,0.0,0.0,0.0,0.0,0.0,0.0,0.0,0.0,0.0,0.0,0.0,0.0,0.0,0.0,0.0,0.0,0.0,0.0,0.0,0.0
Freightliner,2017,0.0,0.0,47.0,82.0,0.0,0.0,0.0,129.0,0.0,0.0,0.0,0.0,47.0,0.0,0.0,0.0,0.0,29.0,0.0,0.0,57.0,0.0,0.0,0.0,0.0,0.0,0.0,0.0,536.0,147.0,140.0,0.0,0.0,2223.0,0.0,0.0,0.0,0.0,943.0,0.0,0.0,0.0,0.0,0.0,0.0,0.0,0.0,0.0,0.0,0.0,0.0,0.0,0.0,0.0,0.0,0.0,0.0,0.0,0.0,0.0,0.0,0.0,0.0,0.0,0.0
Freightliner,2018,0.0,0.0,19.0,77.0,0.0,0.0,0.0,429.0,0.0,0.0,0.0,0.0,35.0,0.0,0.0,0.0,0.0,30.0,0.0,0.0,411.0,0.0,0.0,0.0,0.0,0.0,0.0,0.0,530.0,113.0,120.0,0.0,0.0,3843.0,0.0,0.0,0.0,0.0,806.0,0.0,0.0,0.0,0.0,0.0,0.0,0.0,0.0,0.0,0.0,0.0,0.0,0.0,0.0,0.0,0.0,0.0,0.0,0.0,0.0,0.0,0.0,0.0,0.0,0.0,0.0
Freightliner,2019,0.0,0.0,42.0,104.0,0.0,0.0,0.0,916.0,0.0,0.0,0.0,0.0,56.0,0.0,0.0,0.0,0.0,28.5,0.0,0.0,354.0,0.0,0.0,0.0,0.0,0.0,0.0,0.0,501.0,132.0,119.5,0.0,0.0,4313.0,0.0,0.0,0.0,0.0,797.0,0.0,0.0,485.0,102.0,124.0,0.0,0.0,5203.0,0.0,62.0,0.0,0.0,841.0,0.0,0.0,23.0,1.0,3.0,0.0,0.0,220.0,0.0,0.0,0.0,0.0,1.0
Freightliner,2020,0.0,0.0,104.0,60.0,20.5,0.0,0.0,1408.0,0.0,0.0,0.0,0.0,42.0,0.0,0.0,0.0,13.0,16.5,0.0,0.0,234.0,0.0,43.0,0.0,0.0,0.0,0.0,0.0,400.0,82.0,106.5,0.0,0.0,4012.0,0.0,62.0,0.0,0.0,681.0,0.0,0.0,0.0,0.0,0.0,0.0,0.0,0.0,0.0,0.0,0.0,0.0,0.0,0.0,0.0,2.0,0.0,24.0,0.0,0.0,140.0,0.0,3.0,0.0,0.0,0.0
GMC,2016,0.0,0.0,0.0,0.0,0.0,0.0,0.0,0.0,0.0,0.0,0.0,0.0,0.0,0.0,0.0,0.0,0.0,0.0,0.0,0.0,0.0,0.0,0.0,0.0,0.0,0.0,0.0,132.0,0.0,0.0,0.0,0.0,0.0,0.0,0.0,0.0,0.0,0.0,0.0,0.0,0.0,0.0,0.0,0.0,0.0,0.0,0.0,0.0,0.0,0.0,0.0,0.0,0.0,0.0,0.0,0.0,0.0,0.0,0.0,0.0,0.0,0.0,0.0,0.0,0.0
GMC,2017,0.0,0.0,0.0,0.0,0.0,0.0,0.0,0.0,0.0,0.0,0.0,0.0,0.0,0.0,0.0,0.0,0.0,0.0,0.0,0.0,0.0,0.0,0.0,0.0,0.0,0.0,0.0,35.0,0.0,0.0,0.0,0.0,0.0,0.0,0.0,0.0,0.0,0.0,0.0,0.0,0.0,0.0,0.0,0.0,0.0,0.0,0.0,0.0,0.0,0.0,0.0,0.0,0.0,0.0,0.0,0.0,0.0,0.0,0.0,0.0,0.0,0.0,0.0,0.0,0.0
GMC,2018,0.0,0.0,0.0,0.0,0.0,0.0,0.0,0.0,0.0,0.0,0.0,0.0,0.0,0.0,0.0,0.0,0.0,0.0,0.0,0.0,0.0,0.0,0.0,0.0,0.0,0.0,0.0,376.0,0.0,89.0,93.0,0.0,1.0,0.0,0.0,0.0,0.0,0.0,0.0,0.0,0.0,0.0,0.0,0.0,0.0,0.0,0.0,0.0,0.0,0.0,0.0,0.0,0.0,21.0,0.0,0.0,0.0,0.0,0.0,0.0,0.0,0.0,0.0,0.0,0.0
GMC,2019,0.0,0.0,0.0,3.0,0.0,0.0,0.0,0.0,0.0,0.0,0.0,0.0,0.0,0.0,0.0,0.0,0.0,0.0,0.0,0.0,0.0,0.0,0.0,0.0,0.0,0.0,0.0,1330.0,0.0,1013.0,207.0,0.0,7.0,0.0,0.0,0.0,0.0,0.0,0.0,0.0,1689.0,0.0,622.0,225.0,0.0,8.0,0.0,0.0,0.0,0.0,125.0,0.0,0.0,444.0,0.0,640.0,0.0,0.0,0.0,0.0,0.0,0.0,0.0,0.0,0.0
GMC,2020,0.0,0.0,0.0,3.0,0.0,0.0,0.0,0.0,0.0,0.0,0.0,0.0,0.0,0.0,0.0,0.0,0.0,0.0,0.0,0.0,0.0,0.0,0.0,0.0,0.0,0.0,0.0,1233.0,0.0,352.0,165.0,0.0,8.0,0.0,0.0,0.0,0.0,125.0,0.0,0.0,0.0,0.0,0.0,0.0,0.0,0.0,0.0,0.0,0.0,0.0,0.0,0.0,0.0,378.0,0.0,100.0,30.0,0.0,0.0,0.0,0.0,0.0,0.0,1.0,0.0
Genesis,2018,0.0,0.0,0.0,0.0,0.0,0.0,0.0,0.0,0.0,0.0,0.0,0.0,0.0,0.0,0.0,0.0,0.0,0.0,0.0,0.0,0.0,0.0,0.0,0.0,0.0,0.0,0.0,0.0,0.0,0.0,0.0,0.0,71.0,0.0,0.0,0.0,0.0,0.0,0.0,0.0,0.0,0.0,0.0,0.0,0.0,0.0,0.0,0.0,0.0,0.0,0.0,0.0,0.0,0.0,0.0,0.0,0.0,0.0,0.0,0.0,0.0,0.0,0.0,0.0,0.0
Genesis,2019,0.0,0.0,0.0,0.0,0.0,0.0,637.0,0.0,0.0,0.0,0.0,0.0,0.0,0.0,0.0,0.0,0.0,0.0,0.0,0.0,0.0,0.0,0.0,0.0,0.0,0.0,0.0,0.0,0.0,0.0,0.0,0.0,2031.0,0.0,0.0,0.0,0.0,0.0,0.0,0.0,0.0,0.0,0.0,0.0,0.0,5273.0,0.0,0.0,0.0,0.0,0.0,0.0,0.0,0.0,0.0,0.0,0.0,0.0,265.0,0.0,0.0,0.0,0.0,0.0,0.0
Genesis,2020,0.0,0.0,0.0,0.0,0.0,0.0,1936.0,0.0,0.0,0.0,0.0,0.0,0.0,0.0,0.0,0.0,0.0,0.0,0.0,0.0,0.0,0.0,0.0,0.0,0.0,0.0,0.0,0.0,0.0,0.0,0.0,0.0,4126.0,0.0,0.0,0.0,0.0,0.0,0.0,0.0,0.0,0.0,0.0,0.0,0.0,0.0,0.0,0.0,0.0,0.0,0.0,0.0,0.0,0.0,0.0,0.0,0.0,0.0,1315.0,0.0,0.0,0.0,0.0,0.0,0.0
Honda,2016,0.0,0.0,0.0,0.0,0.0,0.0,0.0,0.0,0.0,0.0,0.0,0.0,0.0,0.0,0.0,0.0,0.0,0.0,0.0,0.0,0.0,0.0,0.0,0.0,0.0,0.0,0.0,0.0,0.0,0.0,0.0,0.0,3.0,6.0,0.0,0.0,0.0,0.0,0.0,0.0,0.0,0.0,0.0,0.0,0.0,0.0,0.0,0.0,0.0,0.0,0.0,0.0,0.0,0.0,0.0,0.0,0.0,0.0,0.0,0.0,0.0,0.0,0.0,0.0,0.0
Honda,2017,0.0,0.0,0.0,0.0,0.0,0.0,0.0,0.0,0.0,0.0,0.0,0.0,0.0,0.0,0.0,0.0,0.0,0.0,0.0,0.0,0.0,0.0,0.0,0.0,0.0,0.0,0.0,0.0,0.0,0.0,0.0,0.0,2.0,4.0,0.0,0.0,0.0,0.0,0.0,0.0,0.0,0.0,0.0,0.0,0.0,0.0,0.0,0.0,0.0,0.0,0.0,0.0,0.0,0.0,0.0,0.0,0.0,0.0,0.0,0.0,0.0,0.0,0.0,0.0,0.0
Honda,2018,0.0,0.0,0.0,0.0,0.0,0.0,0.0,0.0,0.0,0.0,0.0,0.0,0.0,0.0,0.0,0.0,0.0,0.0,0.0,0.0,0.0,0.0,0.0,0.0,0.0,0.0,0.0,0.0,0.0,0.0,0.0,0.0,34.0,47.0,0.0,0.0,0.0,0.0,0.0,0.0,0.0,0.0,0.0,0.0,0.0,0.0,0.0,0.0,0.0,0.0,0.0,0.0,0.0,0.0,0.0,0.0,0.0,0.0,0.0,0.0,0.0,0.0,0.0,0.0,0.0
Honda,2019,0.0,0.0,0.0,0.0,0.0,0.0,0.0,1.0,0.0,0.0,0.0,0.0,0.0,0.0,0.0,0.0,0.0,0.0,0.0,0.0,0.0,0.0,0.0,0.0,0.0,0.0,0.0,0.0,0.0,0.0,0.0,0.0,145.0,303.0,0.0,0.0,0.0,0.0,0.0,0.0,0.0,3.0,39.0,0.0,0.0,213.0,409.0,0.0,0.0,0.0,0.0,0.0,0.0,0.0,0.0,0.0,0.0,0.0,0.0,142.0,0.0,0.0,0.0,0.0,0.0
Honda,2020,0.0,0.0,0.0,0.0,0.0,0.0,0.0,14.0,0.0,0.0,0.0,0.0,0.0,0.0,0.0,0.0,0.0,0.0,0.0,0.0,0.0,0.0,0.0,0.0,0.0,0.0,0.0,0.0,3.0,39.0,0.0,0.0,183.0,310.0,0.0,0.0,0.0,0.0,0.0,0.0,0.0,0.0,0.0,0.0,0.0,0.0,0.0,0.0,0.0,0.0,0.0,0.0,0.0,0.0,0.0,0.0,0.0,0.0,0.0,9.0,0.0,0.0,0.0,0.0,0.0
Hummer,2018,0.0,0.0,0.0,14.0,0.0,0.0,0.0,0.0,0.0,0.0,0.0,0.0,0.0,0.0,0.0,0.0,0.0,0.0,0.0,0.0,0.0,0.0,0.0,0.0,0.0,0.0,0.0,0.0,0.0,355.0,46.0,0.0,0.0,0.0,0.0,0.0,0.0,0.0,0.0,0.0,0.0,0.0,0.0,0.0,0.0,0.0,0.0,0.0,0.0,0.0,0.0,0.0,0.0,0.0,0.0,0.0,0.0,0.0,0.0,0.0,0.0,0.0,0.0,0.0,0.0
Hummer,2019,0.0,0.0,0.0,6.0,0.0,0.0,0.0,0.0,0.0,0.0,0.0,0.0,0.0,0.0,0.0,0.0,0.0,0.0,0.0,0.0,0.0,0.0,0.0,0.0,0.0,0.0,0.0,0.0,0.0,2068.0,58.0,0.0,0.0,0.0,0.0,0.0,0.0,0.0,0.0,0.0,0.0,21.0,1626.0,104.0,0.0,0.0,0.0,0.0,0.0,0.0,0.0,0.0,0.0,0.0,0.0,1683.0,0.0,0.0,0.0,0.0,0.0,0.0,0.0,0.0,0.0
Hummer,2020,0.0,0.0,0.0,28.0,0.0,0.0,0.0,0.0,0.0,0.0,0.0,0.0,0.0,0.0,0.0,0.0,0.0,0.0,0.0,0.0,0.0,0.0,0.0,0.0,0.0,0.0,0.0,0.0,21.0,906.0,84.0,0.0,0.0,0.0,0.0,0.0,0.0,0.0,0.0,0.0,0.0,0.0,0.0,0.0,0.0,0.0,0.0,0.0,0.0,0.0,0.0,0.0,0.0,0.0,0.0,468.0,0.0,0.0,0.0,0.0,0.0,0.0,0.0,0.0,0.0
Hyundai,2017,0.0,0.0,0.0,0.0,0.0,0.0,0.0,0.0,0.0,0.0,0.0,0.0,0.0,0.0,0.0,0.0,0.0,0.0,0.0,0.0,0.0,0.0,0.0,0.0,0.0,0.0,0.0,0.0,0.0,0.0,0.0,0.0,1.0,0.0,0.0,0.0,0.0,0.0,0.0,0.0,0.0,0.0,0.0,0.0,0.0,0.0,0.0,0.0,0.0,0.0,0.0,0.0,0.0,0.0,0.0,0.0,0.0,0.0,0.0,0.0,0.0,0.0,0.0,0.0,0.0
Hyundai,2018,0.0,0.0,0.0,0.0,0.0,0.0,0.0,0.0,0.0,0.0,0.0,0.0,0.0,0.0,0.0,0.0,0.0,0.0,0.0,0.0,0.0,0.0,0.0,0.0,0.0,0.0,0.0,0.0,0.0,0.0,0.0,0.0,27.0,0.0,0.0,0.0,0.0,0.0,0.0,0.0,0.0,0.0,0.0,0.0,0.0,0.0,0.0,0.0,0.0,0.0,0.0,0.0,0.0,0.0,0.0,0.0,0.0,0.0,8.0,0.0,0.0,0.0,0.0,0.0,0.0
Hyundai,2019,0.0,0.0,0.0,0.0,0.0,0.0,0.0,0.0,0.0,0.0,0.0,0.0,0.0,0.0,0.0,0.0,0.0,0.0,0.0,0.0,0.0,0.0,0.0,0.0,0.0,0.0,0.0,0.0,0.0,0.0,0.0,0.0,197.0,0.0,0.0,0.0,0.0,0.0,0.0,0.0,0.0,0.0,0.0,0.0,0.0,194.0,0.0,0.0,0.0,0.0,0.0,0.0,0.0,0.0,0.0,0.0,0.0,0.0,127.0,0.0,0.0,0.0,0.0,0.0,0.0
Hyundai,2020,0.0,0.0,0.0,0.0,0.0,0.0,0.0,0.0,0.0,0.0,0.0,0.0,0.0,0.0,0.0,0.0,0.0,0.0,0.0,0.0,0.0,0.0,0.0,0.0,0.0,0.0,0.0,0.0,0.0,0.0,0.0,0.0,130.0,0.0,0.0,0.0,0.0,0.0,0.0,0.0,0.0,0.0,0.0,0.0,0.0,0.0,0.0,0.0,0.0,0.0,0.0,0.0,0.0,0.0,0.0,0.0,0.0,0.0,47.0,0.0,0.0,0.0,0.0,0.0,0.0
Infiniti,2016,0.0,0.0,0.0,0.0,0.0,0.0,0.0,0.0,0.0,0.0,0.0,0.0,0.0,0.0,0.0,0.0,0.0,0.0,0.0,0.0,0.0,0.0,0.0,0.0,0.0,0.0,0.0,0.0,0.0,0.0,0.0,0.0,0.0,3.0,0.0,0.0,0.0,0.0,0.0,0.0,0.0,0.0,0.0,0.0,0.0,0.0,0.0,0.0,0.0,0.0,0.0,0.0,0.0,0.0,0.0,0.0,0.0,0.0,0.0,0.0,0.0,0.0,0.0,0.0,0.0
Infiniti,2017,0.0,0.0,0.0,0.0,0.0,0.0,0.0,0.0,0.0,0.0,0.0,0.0,0.0,0.0,0.0,0.0,0.0,0.0,0.0,0.0,0.0,0.0,0.0,0.0,0.0,0.0,0.0,0.0,0.0,0.0,0.0,0.0,0.0,7.0,0.0,0.0,0.0,0.0,0.0,0.0,0.0,0.0,0.0,0.0,0.0,0.0,0.0,0.0,0.0,0.0,0.0,0.0,0.0,0.0,0.0,0.0,0.0,0.0,0.0,0.0,0.0,0.0,0.0,0.0,0.0
Infiniti,2018,0.0,0.0,0.0,0.0,0.0,0.0,0.0,0.0,0.0,0.0,0.0,0.0,0.0,0.0,0.0,0.0,0.0,0.0,0.0,0.0,0.0,0.0,0.0,0.0,0.0,0.0,0.0,0.0,0.0,0.0,0.0,0.0,0.0,78.0,0.0,0.0,0.0,0.0,0.0,0.0,0.0,0.0,0.0,0.0,0.0,0.0,0.0,0.0,0.0,0.0,0.0,0.0,0.0,0.0,0.0,0.0,0.0,0.0,0.0,0.0,0.0,0.0,0.0,0.0,0.0
Infiniti,2019,0.0,0.0,0.0,0.0,0.0,0.0,0.0,0.0,0.0,0.0,0.0,0.0,0.0,0.0,0.0,0.0,0.0,0.0,0.0,0.0,0.0,0.0,0.0,0.0,0.0,0.0,0.0,0.0,0.0,0.0,0.0,0.0,42.0,328.0,0.0,1106.0,0.0,0.0,0.0,0.0,0.0,0.0,0.0,0.0,0.0,343.0,558.0,0.0,2942.0,0.0,0.0,0.0,0.0,0.0,0.0,0.0,0.0,0.0,0.0,0.0,0.0,980.0,0.0,0.0,0.0
Infiniti,2020,0.0,0.0,0.0,0.0,0.0,0.0,0.0,0.0,0.0,49.0,0.0,0.0,0.0,0.0,0.0,0.0,0.0,0.0,0.0,0.0,0.0,0.0,0.0,0.0,0.0,0.0,0.0,0.0,0.0,0.0,0.0,0.0,307.0,450.0,0.0,2341.0,0.0,0.0,0.0,0.0,0.0,0.0,0.0,0.0,0.0,0.0,0.0,0.0,0.0,0.0,0.0,0.0,0.0,0.0,0.0,0.0,0.0,0.0,240.0,1.0,0.0,1780.0,0.0,0.0,0.0
Isuzu,2016,0.0,0.0,0.0,0.0,0.0,0.0,0.0,0.0,0.0,0.0,0.0,0.0,0.0,0.0,0.0,0.0,0.0,0.0,0.0,0.0,0.0,0.0,0.0,0.0,0.0,0.0,0.0,0.0,0.0,0.0,0.0,0.0,0.0,4.0,0.0,0.0,0.0,0.0,0.0,0.0,0.0,0.0,0.0,0.0,0.0,0.0,0.0,0.0,0.0,0.0,0.0,0.0,0.0,0.0,0.0,0.0,0.0,0.0,0.0,0.0,0.0,0.0,0.0,0.0,0.0
Isuzu,2017,0.0,0.0,0.0,0.0,0.0,0.0,0.0,0.0,0.0,0.0,0.0,0.0,0.0,0.0,0.0,0.0,0.0,0.0,0.0,0.0,0.0,0.0,0.0,0.0,0.0,0.0,0.0,0.0,0.0,0.0,0.0,0.0,0.0,7.0,0.0,0.0,0.0,0.0,0.0,0.0,0.0,0.0,0.0,0.0,0.0,0.0,0.0,0.0,0.0,0.0,0.0,0.0,0.0,0.0,0.0,0.0,0.0,0.0,0.0,0.0,0.0,0.0,0.0,0.0,0.0
Isuzu,2018,0.0,0.0,0.0,0.0,0.0,0.0,0.0,0.0,0.0,0.0,0.0,0.0,0.0,0.0,0.0,0.0,0.0,0.0,0.0,0.0,0.0,0.0,0.0,0.0,0.0,0.0,0.0,0.0,0.0,0.0,0.0,0.0,0.0,13.0,0.0,0.0,0.0,0.0,0.0,0.0,0.0,0.0,0.0,0.0,0.0,0.0,0.0,0.0,0.0,0.0,0.0,0.0,0.0,0.0,0.0,0.0,0.0,0.0,0.0,0.0,0.0,0.0,0.0,0.0,0.0
Isuzu,2019,0.0,0.0,0.0,0.0,0.0,0.0,0.0,0.0,0.0,0.0,0.0,0.0,0.0,0.0,0.0,0.0,0.0,0.0,0.0,0.0,0.0,0.0,0.0,0.0,0.0,0.0,0.0,0.0,0.0,0.0,0.0,0.0,0.0,40.0,0.0,0.0,0.0,0.0,0.0,0.0,0.0,0.0,0.0,0.0,0.0,0.0,155.0,0.0,0.0,0.0,0.0,0.0,0.0,0.0,0.0,0.0,0.0,0.0,0.0,0.0,0.0,0.0,0.0,0.0,0.0
Isuzu,2020,0.0,0.0,0.0,0.0,0.0,0.0,0.0,0.0,0.0,0.0,0.0,0.0,0.0,0.0,0.0,0.0,0.0,0.0,0.0,0.0,0.0,0.0,0.0,0.0,0.0,0.0,0.0,0.0,0.0,0.0,0.0,0.0,0.0,140.0,0.0,0.0,0.0,0.0,0.0,0.0,0.0,0.0,0.0,0.0,0.0,0.0,0.0,0.0,0.0,0.0,0.0,0.0,0.0,0.0,0.0,0.0,0.0,0.0,0.0,0.0,0.0,0.0,0.0,0.0,0.0
Jaguar,2016,1.0,545.406779661017,0.0,160.20338983050848,3074.627118644068,0.0,854.2033898305085,3110.016949152542,23.0,78.20338983050848,153.40677966101697,3479.2033898305085,188.0,0.0,70.9322033898305,0.0,37.96610169491525,912.7288135593219,0.0,131.96610169491527,490.8305084745763,0.0,32.96610169491525,82.9322033898305,381.96610169491527,29.0,309.0,11473.101694915254,60.0,1625.0508474576272,28556.406779661018,363.0,7497.050847457627,38378.254237288136,2756.0,1887.0508474576272,1952.1016949152543,28514.050847457627,2014.0,0.0,0.0,0.0,0.0,0.0,0.0,0.0,0.0,0.0,0.0,0.0,0.0,0.0,11.0,944.8983050847457,0.0,664.4491525423729,8484.593220338982,0.0,2581.4491525423728,25554.245762711864,118.0,1271.4491525423728,695.8983050847457,8848.449152542373,699.0
Jaguar,2017,0.0,581.6101694915254,0.0,147.8050847457627,3582.4406779661017,0.0,736.8050847457628,2583.0254237288136,13.0,220.8050847457627,336.6101694915254,3082.8050847457625,114.0,0.0,69.84745762711864,0.0,36.42372881355932,1433.389830508475,0.0,112.42372881355932,650.1186440677966,0.0,113.42372881355932,84.84745762711864,549.4237288135594,17.0,384.0,12052.813559322034,18.0,1490.406779661017,26393.254237288136,285.0,6997.406779661017,32108.033898305082,2961.0,3117.406779661017,2372.813559322034,25691.406779661018,1713.0,0.0,0.0,0.0,0.0,0.0,0.0,0.0,0.0,0.0,0.0,0.0,0.0,0.0,11.0,646.9830508474577,0.0,489.99152542372883,7096.932203389829,0.0,2290.991525423729,19959.957627118645,180.0,2023.991525423729,757.9830508474577,7122.991525423729,521.0
Jaguar,2018,1.0,665.7118644067797,0.0,154.35593220338984,2460.8474576271183,0.0,810.3559322033898,2305.7796610169494,17.0,228.35593220338984,172.71186440677968,3352.35593220339,88.0,0.0,74.81355932203391,0.0,32.906779661016955,1008.2542372881354,0.0,90.90677966101696,593.5338983050848,0.0,143.90677966101697,70.81355932203391,465.90677966101697,20.0,111.0,13042.661016949154,21.0,1581.3305084745764,28093.644067796617,354.0,7111.330508474576,34230.65254237288,3003.0,2984.330508474576,2335.661016949153,28894.330508474577,1355.0,0.0,0.0,0.0,0.0,0.0,0.0,0.0,0.0,0.0,0.0,0.0,0.0,0.0,0.0,746.4406779661017,0.0,536.7203389830509,8082.762711864409,0.0,2367.720338983051,22493.601694915254,75.0,1682.7203389830509,961.4406779661017,7548.720338983051,498.0
Jaguar,2019,2.0,1053.084745762712,0.0,176.04237288135593,3599.3389830508468,0.0,1036.042372881356,2675.2118644067796,21.0,376.04237288135596,234.08474576271186,4425.042372881356,134.0,0.0,80.67796610169492,0.0,37.33898305084746,958.7118644067796,0.0,125.33898305084746,656.6949152542372,0.0,140.33898305084745,92.67796610169492,459.33898305084745,25.0,163.0,12219.42372881356,22.0,1194.2118644067796,31396.69491525425,352.0,7129.21186440678,27625.0593220339,2543.0,3090.2118644067796,1814.4237288135594,24047.21186440678,1310.0,96.0,11991.796610169491,151.0,1283.8983050847457,36312.186440677964,481.0,8425.898305084746,30012.491525423728,2347.0,2361.8983050847455,2045.7966101694915,22756.898305084746,1379.0,1.0,741.0847457627118,0.0,304.0423728813559,9598.338983050846,2.0,2579.0423728813557,15577.21186440678,62.0,1882.042372881356,549.0847457627118,4665.042372881356,379.0
Jaguar,2020,3.0,924.7966101694915,0.0,175.39830508474577,3656.186440677966,0.0,1312.3983050847457,3192.991525423729,26.0,316.39830508474574,208.79661016949154,4414.3983050847455,109.0,0.0,69.94915254237289,0.0,34.47457627118644,680.7966101694916,0.0,191.47457627118644,624.3728813559322,0.0,88.47457627118644,93.94915254237289,397.47457627118644,8.0,93.0,8747.118644067796,152.0,1065.0593220338983,22242.474576271183,232.0,6832.059322033898,19689.29661016949,1519.0,1806.0593220338983,1590.1186440677966,18014.0593220339,1055.0,0.0,0.0,0.0,0.0,0.0,0.0,0.0,0.0,0.0,0.0,0.0,0.0,0.0,0.0,517.5593220338983,5.0,181.27966101694915,5498.237288135595,2.0,2292.279661016949,9599.398305084746,28.0,916.2796610169491,474.5593220338983,3032.279661016949,226.0
Jeep,2018,0.0,0.0,0.0,0.0,0.0,0.0,0.0,0.0,0.0,0.0,0.0,0.0,0.0,0.0,0.0,0.0,0.0,0.0,0.0,0.0,0.0,0.0,0.0,0.0,0.0,0.0,0.0,0.0,0.0,0.0,49.0,0.0,0.0,0.0,0.0,0.0,0.0,0.0,0.0,0.0,0.0,0.0,0.0,0.0,0.0,0.0,0.0,0.0,0.0,0.0,0.0,0.0,0.0,0.0,0.0,0.0,0.0,0.0,0.0,0.0,0.0,0.0,0.0,0.0,0.0
Jeep,2019,0.0,0.0,0.0,0.0,0.0,0.0,0.0,0.0,0.0,0.0,0.0,0.0,0.0,0.0,0.0,0.0,0.0,0.0,0.0,0.0,0.0,0.0,0.0,0.0,0.0,0.0,0.0,0.0,0.0,92.0,114.0,0.0,0.0,89.0,0.0,0.0,0.0,0.0,0.0,0.0,0.0,0.0,76.0,111.0,0.0,0.0,172.0,0.0,0.0,0.0,0.0,0.0,0.0,0.0,0.0,0.0,0.0,0.0,0.0,0.0,0.0,0.0,0.0,0.0,0.0
Jeep,2020,0.0,0.0,0.0,0.0,0.0,0.0,0.0,0.0,0.0,0.0,0.0,0.0,0.0,0.0,0.0,0.0,0.0,0.0,0.0,0.0,0.0,0.0,0.0,0.0,0.0,0.0,0.0,0.0,0.0,44.0,80.0,0.0,0.0,141.0,0.0,0.0,0.0,0.0,0.0,0.0,0.0,0.0,0.0,0.0,0.0,0.0,0.0,0.0,0.0,0.0,0.0,0.0,0.0,0.0,0.0,0.0,0.0,0.0,0.0,0.0,0.0,0.0,0.0,0.0,0.0
Kia,2016,0.0,0.0,0.0,0.0,0.0,0.0,0.0,0.0,0.0,0.0,0.0,0.0,0.0,0.0,0.0,0.0,0.0,0.0,0.0,0.0,0.0,0.0,0.0,0.0,0.0,0.0,0.0,0.0,0.0,0.0,0.0,0.0,2.0,0.0,0.0,0.0,0.0,0.0,0.0,0.0,0.0,0.0,0.0,0.0,0.0,0.0,0.0,0.0,0.0,0.0,0.0,0.0,0.0,0.0,0.0,0.0,0.0,0.0,0.0,0.0,0.0,0.0,0.0,0.0,0.0
Kia,2017,0.0,0.0,0.0,0.0,0.0,0.0,0.0,0.0,0.0,0.0,0.0,0.0,0.0,0.0,0.0,0.0,0.0,0.0,0.0,0.0,0.0,0.0,0.0,0.0,0.0,0.0,0.0,0.0,0.0,0.0,0.0,0.0,6.0,0.0,0.0,0.0,0.0,0.0,0.0,0.0,0.0,0.0,0.0,0.0,0.0,0.0,0.0,0.0,0.0,0.0,0.0,0.0,0.0,0.0,0.0,0.0,0.0,0.0,0.0,0.0,0.0,0.0,0.0,0.0,0.0
Kia,2018,0.0,0.0,0.0,0.0,0.0,0.0,0.0,0.0,0.0,0.0,0.0,0.0,0.0,0.0,0.0,0.0,0.0,0.0,0.0,0.0,0.0,0.0,0.0,0.0,0.0,0.0,0.0,0.0,0.0,0.0,0.0,0.0,42.0,0.0,0.0,0.0,0.0,0.0,0.0,0.0,0.0,0.0,0.0,0.0,0.0,0.0,0.0,0.0,0.0,0.0,0.0,0.0,0.0,0.0,0.0,0.0,0.0,0.0,0.0,0.0,0.0,0.0,0.0,0.0,0.0
Kia,2019,0.0,0.0,0.0,0.0,0.0,0.0,0.0,0.0,0.0,0.0,0.0,0.0,0.0,0.0,0.0,0.0,0.0,0.0,0.0,0.0,0.0,0.0,0.0,0.0,0.0,0.0,0.0,0.0,0.0,0.0,0.0,0.0,848.0,0.0,0.0,0.0,0.0,0.0,0.0,0.0,0.0,0.0,0.0,0.0,0.0,660.0,47.0,0.0,0.0,0.0,0.0,0.0,0.0,0.0,0.0,0.0,0.0,0.0,676.0,0.0,0.0,0.0,0.0,0.0,0.0
Kia,2020,0.0,0.0,0.0,0.0,0.0,0.0,0.0,0.0,0.0,0.0,0.0,0.0,0.0,0.0,0.0,0.0,0.0,0.0,0.0,0.0,0.0,0.0,0.0,0.0,0.0,0.0,0.0,0.0,0.0,0.0,0.0,0.0,506.0,3.0,0.0,0.0,0.0,0.0,0.0,0.0,0.0,0.0,0.0,0.0,0.0,0.0,0.0,0.0,0.0,0.0,0.0,0.0,0.0,0.0,0.0,0.0,0.0,0.0,117.0,0.0,0.0,0.0,0.0,0.0,0.0
Land Rover,2016,0.0,374.0,232.0,39.0,1297.6101694915255,51.20338983050848,543.0,803.0,0.0,291.0,185.0,8.0,0.0,0.0,56.0,0.0,6.0,109.89830508474576,18.966101694915253,0.0,41.0,0.0,63.0,58.0,0.0,0.0,199.0,2061.0,4743.0,112.0,7420.152542372882,349.0508474576271,1516.0,4343.0,0.0,2035.0,582.0,42.0,0.0,0.0,0.0,0.0,0.0,0.0,0.0,0.0,0.0,0.0,0.0,0.0,0.0,0.0,0.0,599.0,0.0,0.0,2236.3474576271187,142.44915254237287,515.0,2023.0,0.0,579.0,0.0,0.0,0.0
Land Rover,2017,0.0,146.0,152.0,19.0,1225.415254237288,68.80508474576271,451.0,657.0,0.0,276.0,198.0,8.0,0.0,0.0,145.0,0.0,0.0,147.27118644067798,25.423728813559322,26.0,64.0,0.0,89.0,94.0,0.0,0.0,165.0,1244.0,4682.0,74.0,6790.220338983051,373.4067796610169,1244.0,3449.0,0.0,1915.0,625.0,288.0,0.0,0.0,0.0,0.0,0.0,0.0,0.0,0.0,0.0,0.0,0.0,0.0,0.0,0.0,0.0,111.0,0.0,0.0,1440.9745762711864,115.9915254237288,333.0,1346.0,0.0,594.0,4.0,35.0,0.0
Land Rover,2018,0.0,159.0,224.0,26.0,1051.0677966101696,59.35593220338985,340.0,837.0,0.0,148.0,58.0,3.0,0.0,0.0,139.0,0.0,12.0,194.72033898305085,28.90677966101695,16.0,75.0,0.0,81.0,64.0,0.0,0.0,173.0,1328.0,4664.0,96.0,7789.9915254237285,406.33050847457633,1259.0,3506.0,0.0,1799.5,478.0,316.0,0.0,0.0,0.0,0.0,0.0,0.0,0.0,0.0,0.0,0.0,0.0,0.0,0.0,0.0,0.0,100.0,0.0,0.0,1171.1610169491526,139.72033898305085,455.0,1103.0,0.0,625.0,0.0,34.0,0.0
Land Rover,2019,0.0,281.0,493.0,32.0,1254.1271186440679,78.04237288135593,325.0,736.0,0.0,247.5,80.0,0.0,0.0,0.0,65.0,0.0,10.0,171.0169491525424,35.33898305084746,28.0,59.0,0.0,86.0,25.0,0.0,0.0,89.0,1480.0,4639.0,97.0,8210.635593220339,400.2118644067797,1200.0,2730.0,0.0,2153.0,414.0,242.0,240.0,67.0,2407.0,3027.0,166.0,9729.694915254237,441.8983050847457,1302.0,2720.0,0.0,2024.0,364.0,317.0,128.0,0.0,451.0,116.0,2.0,3132.127118644068,124.04237288135592,464.0,859.0,0.0,983.0,0.0,6.0,216.0
Land Rover,2020,0.0,368.0,357.0,12.0,1551.1949152542372,62.39830508474577,396.0,686.0,0.0,360.5,64.0,14.0,0.0,0.0,126.0,0.0,15.0,155.42372881355934,31.474576271186443,78.0,60.0,0.0,97.0,36.0,0.0,0.0,52.0,2086.0,2352.0,99.0,7488.177966101695,344.0593220338983,1058.0,2180.0,0.0,1651.5,286.0,255.0,57.0,0.0,0.0,0.0,0.0,0.0,0.0,0.0,0.0,0.0,0.0,0.0,0.0,0.0,2.0,986.0,39.0,32.0,2355.8389830508477,100.27966101694916,227.0,488.0,0.0,478.0,2.0,21.0,32.0
Lexus,2019,0.0,0.0,0.0,0.0,0.0,0.0,0.0,0.0,0.0,0.0,0.0,0.0,0.0,0.0,0.0,0.0,0.0,0.0,0.0,0.0,0.0,0.0,0.0,0.0,0.0,0.0,0.0,0.0,0.0,786.0,0.0,0.0,0.0,0.0,0.0,0.0,0.0,0.0,0.0,0.0,0.0,0.0,505.0,0.0,0.0,0.0,0.0,0.0,0.0,0.0,0.0,0.0,0.0,0.0,0.0,726.0,0.0,0.0,0.0,0.0,0.0,0.0,0.0,0.0,0.0
Lexus,2020,0.0,0.0,0.0,59.0,0.0,0.0,0.0,0.0,0.0,0.0,0.0,0.0,0.0,0.0,0.0,0.0,0.0,0.0,0.0,0.0,0.0,0.0,0.0,0.0,0.0,0.0,0.0,0.0,0.0,462.0,0.0,0.0,0.0,0.0,0.0,0.0,0.0,0.0,0.0,0.0,0.0,0.0,0.0,0.0,0.0,0.0,0.0,0.0,0.0,0.0,0.0,0.0,0.0,0.0,0.0,330.0,0.0,0.0,0.0,0.0,0.0,0.0,0.0,0.0,0.0
Lincoln,2016,0.0,0.0,0.0,0.0,51.20338983050848,0.0,0.0,0.0,0.0,0.0,0.0,251.0,0.0,0.0,0.0,0.0,0.0,18.966101694915253,0.0,0.0,0.0,0.0,0.0,0.0,0.0,0.0,0.0,0.0,0.0,0.0,349.0508474576271,0.0,0.0,0.0,0.0,0.0,0.0,669.0,0.0,0.0,0.0,0.0,0.0,0.0,0.0,0.0,0.0,0.0,0.0,0.0,0.0,0.0,0.0,0.0,0.0,0.0,142.44915254237287,0.0,0.0,0.0,0.0,0.0,0.0,0.0,0.0
Lincoln,2017,0.0,0.0,0.0,0.0,68.80508474576271,0.0,0.0,0.0,0.0,0.0,0.0,196.0,0.0,0.0,0.0,0.0,0.0,25.423728813559322,0.0,0.0,0.0,0.0,0.0,0.0,0.0,0.0,0.0,0.0,0.0,0.0,373.4067796610169,0.0,0.0,0.0,0.0,0.0,0.0,1678.0,0.0,0.0,0.0,0.0,0.0,0.0,0.0,0.0,0.0,0.0,0.0,0.0,0.0,0.0,0.0,0.0,0.0,0.0,115.9915254237288,0.0,0.0,0.0,0.0,0.0,0.0,561.0,0.0
Lincoln,2018,0.0,0.0,0.0,0.0,59.35593220338985,0.0,0.0,0.0,0.0,0.0,0.0,193.0,0.0,0.0,0.0,0.0,0.0,28.90677966101695,0.0,0.0,0.0,0.0,0.0,0.0,0.0,0.0,0.0,0.0,0.0,20.0,406.33050847457633,0.0,0.0,0.0,0.0,0.0,0.0,1194.0,0.0,0.0,0.0,0.0,0.0,0.0,0.0,0.0,0.0,0.0,0.0,0.0,0.0,0.0,0.0,0.0,0.0,0.0,139.72033898305085,0.0,0.0,0.0,0.0,0.0,0.0,53.0,0.0
Lincoln,2019,0.0,0.0,0.0,0.0,78.04237288135593,0.0,0.0,0.0,0.0,0.0,0.0,206.0,0.0,0.0,0.0,0.0,0.0,35.33898305084746,0.0,0.0,0.0,0.0,0.0,0.0,0.0,0.0,0.0,0.0,0.0,47.0,400.2118644067797,0.0,2.0,0.0,0.0,0.0,0.0,1039.0,0.0,0.0,0.0,31.0,62.0,475.8983050847457,0.0,218.0,80.0,0.0,0.0,0.0,1048.0,0.0,0.0,0.0,0.0,1.0,124.04237288135592,0.0,0.0,0.0,0.0,0.0,0.0,108.0,0.0
Lincoln,2020,0.0,0.0,0.0,0.0,62.39830508474577,0.0,0.0,0.0,0.0,0.0,0.0,114.0,0.0,0.0,0.0,0.0,0.0,31.474576271186443,0.0,0.0,0.0,0.0,0.0,0.0,0.0,0.0,0.0,0.0,31.0,35.0,378.0593220338983,0.0,201.0,80.0,0.0,0.0,0.0,732.0,0.0,0.0,0.0,0.0,0.0,0.0,0.0,0.0,0.0,0.0,0.0,0.0,0.0,0.0,0.0,0.0,0.0,1.0,100.27966101694916,0.0,189.0,2.0,0.0,0.0,0.0,19.0,0.0
Lotus,2016,0.0,0.0,0.0,0.0,0.0,0.0,0.0,0.0,0.0,0.0,0.0,0.0,0.0,0.0,0.0,0.0,0.0,0.0,0.0,0.0,0.0,0.0,0.0,0.0,0.0,0.0,0.0,283.0,0.0,0.0,0.0,0.0,0.0,0.0,0.0,0.0,0.0,0.0,0.0,0.0,0.0,0.0,0.0,0.0,0.0,0.0,0.0,0.0,0.0,0.0,0.0,0.0,0.0,0.0,0.0,0.0,0.0,0.0,0.0,0.0,0.0,0.0,0.0,0.0,0.0
Lotus,2017,0.0,0.0,0.0,0.0,0.0,0.0,0.0,0.0,0.0,0.0,0.0,0.0,0.0,0.0,0.0,0.0,0.0,0.0,0.0,0.0,0.0,0.0,0.0,0.0,0.0,0.0,0.0,291.0,0.0,0.0,0.0,0.0,0.0,0.0,0.0,0.0,0.0,0.0,0.0,0.0,0.0,0.0,0.0,0.0,0.0,0.0,0.0,0.0,0.0,0.0,0.0,0.0,0.0,0.0,0.0,0.0,0.0,0.0,0.0,0.0,0.0,0.0,0.0,0.0,0.0
Lotus,2018,0.0,0.0,0.0,0.0,0.0,0.0,0.0,0.0,0.0,0.0,0.0,0.0,0.0,0.0,0.0,0.0,0.0,0.0,0.0,0.0,0.0,0.0,0.0,0.0,0.0,0.0,0.0,483.0,0.0,0.0,0.0,0.0,0.0,0.0,0.0,0.0,0.0,0.0,0.0,0.0,0.0,0.0,0.0,0.0,0.0,0.0,0.0,0.0,0.0,0.0,0.0,0.0,0.0,0.0,0.0,0.0,0.0,0.0,0.0,0.0,0.0,0.0,0.0,0.0,0.0
Lotus,2019,0.0,0.0,0.0,0.0,0.0,0.0,0.0,0.0,0.0,0.0,0.0,0.0,0.0,0.0,0.0,0.0,0.0,0.0,0.0,0.0,0.0,0.0,0.0,0.0,0.0,0.0,0.0,401.0,0.0,0.0,0.0,0.0,0.0,0.0,0.0,0.0,0.0,0.0,0.0,0.0,465.0,0.0,0.0,0.0,0.0,0.0,0.0,0.0,0.0,0.0,0.0,0.0,0.0,0.0,0.0,0.0,0.0,0.0,0.0,0.0,0.0,0.0,0.0,0.0,0.0
Lotus,2020,0.0,5.0,0.0,0.0,0.0,0.0,0.0,0.0,0.0,0.0,0.0,0.0,0.0,0.0,0.0,0.0,0.0,0.0,0.0,0.0,0.0,0.0,0.0,0.0,0.0,0.0,0.0,424.0,0.0,0.0,0.0,0.0,0.0,0.0,0.0,0.0,0.0,0.0,0.0,0.0,0.0,0.0,0.0,0.0,0.0,0.0,0.0,0.0,0.0,0.0,0.0,0.0,0.0,2.0,0.0,0.0,0.0,0.0,0.0,0.0,0.0,0.0,0.0,0.0,0.0
MG,2016,0.0,135.20338983050848,0.0,0.0,40.0,51.20338983050848,0.0,19.0,0.0,51.0,0.0,0.0,9.0,0.0,18.966101694915253,0.0,0.0,0.0,18.966101694915253,0.0,0.0,0.0,8.0,16.0,0.0,0.0,0.0,2557.0508474576272,451.0,0.0,6050.0,1007.0508474576271,480.0,817.0,0.0,746.0,294.0,0.0,3359.0,0.0,0.0,0.0,0.0,0.0,0.0,0.0,0.0,0.0,0.0,0.0,0.0,0.0,0.0,184.44915254237287,0.0,0.0,292.0,142.44915254237287,143.0,148.0,0.0,455.0,0.0,0.0,254.0
MG,2017,0.0,144.8050847457627,0.0,0.0,40.0,68.80508474576271,0.0,18.0,0.0,66.0,0.0,0.0,7.0,0.0,25.423728813559322,0.0,0.0,0.0,25.423728813559322,0.0,0.0,0.0,32.0,3.0,0.0,0.0,0.0,1630.406779661017,525.0,0.0,5376.0,603.4067796610169,527.0,706.0,0.0,822.0,408.0,0.0,3134.0,0.0,0.0,0.0,0.0,0.0,0.0,0.0,0.0,0.0,0.0,0.0,0.0,0.0,0.0,150.9915254237288,0.0,0.0,226.0,115.9915254237288,33.0,102.0,0.0,406.0,0.0,0.0,92.0
MG,2018,0.0,119.35593220338984,0.0,0.0,25.0,73.35593220338984,14.0,29.0,0.0,83.0,0.0,0.0,17.0,0.0,28.90677966101695,0.0,0.0,0.0,28.90677966101695,0.0,0.0,0.0,23.0,0.0,0.0,0.0,0.0,2928.330508474576,534.0,0.0,6528.0,993.3305084745764,597.0,640.0,0.0,826.0,398.0,0.0,2984.0,0.0,0.0,0.0,0.0,0.0,0.0,0.0,0.0,0.0,0.0,0.0,0.0,0.0,0.0,143.72033898305085,0.0,0.0,62.0,139.72033898305085,75.0,21.0,0.0,419.0,0.0,0.0,50.0
MG,2019,0.0,164.04237288135593,1.0,0.0,61.0,99.04237288135593,35.0,52.0,0.0,109.0,0.0,0.0,9.0,0.0,35.33898305084746,0.0,0.0,0.0,35.33898305084746,0.0,0.0,0.0,7.0,0.0,0.0,0.0,0.0,2834.2118644067796,564.0,0.0,5704.0,816.2118644067797,464.0,513.0,0.0,751.0,161.0,9.0,2665.0,0.0,2991.8983050847455,431.0,0.0,6246.0,930.8983050847457,604.0,707.0,0.0,801.0,318.0,5.0,2905.0,0.0,156.0423728813559,18.0,0.0,91.0,138.0423728813559,41.0,16.0,0.0,356.0,0.0,0.0,66.0
MG,2020,0.0,87.39830508474577,23.0,0.0,111.0,152.39830508474577,45.0,64.0,0.0,159.0,0.0,0.0,27.0,0.0,31.474576271186443,0.0,0.0,0.0,31.474576271186443,0.0,0.0,0.0,9.0,0.0,0.0,0.0,0.0,2202.0593220338983,370.0,0.0,4672.0,814.0593220338983,547.0,617.0,0.0,540.0,311.0,0.0,2713.0,0.0,0.0,0.0,0.0,0.0,0.0,0.0,0.0,0.0,0.0,0.0,0.0,0.0,0.0,111.27966101694916,16.0,0.0,58.0,118.27966101694916,59.0,10.0,0.0,124.0,1.0,0.0,35.0
Mazda,2016,1223.0,0.0,0.0,86.0,67.0,0.0,0.0,28.0,0.0,0.0,0.0,0.0,0.0,0.0,0.0,0.0,0.0,0.0,0.0,0.0,0.0,0.0,0.0,0.0,0.0,0.0,3372.0,11.0,0.0,419.0,584.0,0.0,0.0,73.0,0.0,0.0,0.0,0.0,0.0,0.0,0.0,0.0,0.0,0.0,0.0,0.0,0.0,0.0,0.0,0.0,0.0,0.0,0.0,0.0,0.0,131.0,351.0,0.0,0.0,0.0,0.0,0.0,0.0,0.0,0.0
Mazda,2017,660.0,0.0,0.0,94.0,166.0,0.0,0.0,29.0,0.0,0.0,0.0,0.0,0.0,0.0,0.0,0.0,0.0,0.0,0.0,0.0,0.0,0.0,0.0,0.0,0.0,0.0,2597.0,6.0,0.0,379.0,2591.0,0.0,0.0,167.0,0.0,0.0,0.0,0.0,0.0,0.0,0.0,0.0,0.0,0.0,0.0,0.0,0.0,0.0,0.0,0.0,0.0,0.0,48.0,0.0,0.0,124.0,824.0,0.0,0.0,123.0,0.0,0.0,0.0,0.0,0.0
Mazda,2018,489.0,0.0,0.0,50.0,139.0,0.0,0.0,11.0,0.0,0.0,0.0,0.0,0.0,0.0,0.0,0.0,0.0,29.0,0.0,0.0,0.0,0.0,0.0,0.0,0.0,0.0,2639.0,48.0,0.0,313.0,2367.0,0.0,0.0,27.0,0.0,0.0,0.0,0.0,0.0,0.0,0.0,0.0,0.0,0.0,0.0,0.0,0.0,0.0,0.0,0.0,0.0,0.0,89.0,0.0,0.0,116.0,1602.0,0.0,0.0,0.0,0.0,0.0,0.0,0.0,0.0
Mazda,2019,251.0,0.0,0.0,48.0,338.0,0.0,236.0,10.0,0.0,0.0,0.0,0.0,0.0,4.0,0.0,0.0,0.0,11.0,0.0,72.0,0.0,0.0,0.0,0.0,0.0,0.0,2013.0,114.0,0.0,318.0,5858.0,0.0,614.0,154.0,0.0,0.0,0.0,382.0,0.0,2516.0,109.0,0.0,359.0,6055.0,0.0,1956.0,162.0,0.0,0.0,0.0,592.0,0.0,8.0,2.0,0.0,81.0,4031.0,0.0,3.0,0.0,0.0,0.0,0.0,2.0,0.0
Mazda,2020,455.0,0.0,0.0,57.0,485.0,0.0,518.0,6.0,0.0,0.0,0.0,0.0,0.0,27.0,0.0,0.0,0.0,20.0,0.0,77.0,0.0,0.0,0.0,0.0,0.0,0.0,2246.0,68.0,0.0,299.0,4556.0,0.0,1202.0,133.0,0.0,0.0,0.0,497.0,0.0,0.0,0.0,0.0,0.0,0.0,0.0,0.0,0.0,0.0,0.0,0.0,0.0,0.0,0.0,5.0,0.0,83.0,2158.0,0.0,1.0,0.0,0.0,0.0,0.0,0.0,0.0
Mercedes-Benz,2016,0.0,5607.0,691.0,837.0,2361.0,345.0,2721.0,2318.2033898305085,133.0,577.406779661017,1237.0,1553.0,1449.2033898305085,0.0,10028.0,125.0,392.0,2108.0,190.0,5374.0,1247.9661016949153,0.0,2841.9322033898306,232.0,1166.0,815.9661016949153,2299.0,66197.0,19872.0,4504.0,17851.5,2472.0,32938.0,11713.050847457627,768.0,14348.101694915254,31597.0,13297.0,10165.050847457627,0.0,0.0,0.0,0.0,0.0,0.0,0.0,0.0,0.0,0.0,0.0,0.0,0.0,0.0,16921.0,87.0,1701.0,6611.0,1054.0,11570.0,2173.4491525423728,0.0,5755.8983050847455,24262.0,3097.0,4745.449152542373
Mercedes-Benz,2017,0.0,4913.0,1231.0,1173.0,2415.0,522.0,3829.0,2232.8050847457625,62.0,1517.6101694915255,1679.0,1533.0,1435.8050847457628,0.0,9212.0,128.0,479.0,2299.0,158.0,5888.0,1619.4237288135594,0.0,3193.8474576271187,270.0,1061.0,892.4237288135594,1857.0,53452.0,22911.0,5283.0,16989.0,2111.0,34108.0,14834.406779661018,526.0,15856.813559322034,24540.0,12801.0,8735.406779661018,0.0,0.0,0.0,0.0,0.0,0.0,0.0,0.0,0.0,0.0,0.0,0.0,0.0,0.0,10075.0,117.0,1341.0,5157.0,306.0,9994.0,4138.991525423729,0.0,4884.983050847458,15253.0,2621.0,3331.991525423729
Mercedes-Benz,2018,128.0,5755.0,1671.0,1565.0,2292.0,442.0,4927.0,2338.35593220339,44.0,2126.7118644067796,1808.0,1651.0,2008.3559322033898,13.0,10342.0,111.0,833.0,2374.0,141.0,6700.0,2017.906779661017,16.0,2940.813559322034,391.0,1255.0,1328.906779661017,2122.0,55835.0,31900.0,7671.0,17373.0,2035.0,42637.0,15350.330508474577,918.0,25062.661016949154,26144.0,13165.0,12157.330508474577,0.0,0.0,0.0,0.0,0.0,0.0,0.0,0.0,0.0,0.0,0.0,0.0,0.0,0.0,13091.0,137.0,2164.0,4582.0,436.0,12306.0,3233.720338983051,404.0,11495.440677966102,15503.0,1964.0,5507.720338983051
Mercedes-Benz,2019,458.0,7102.0,2503.0,2001.0,3435.0,598.0,9336.0,3514.0423728813557,130.0,5115.0847457627115,3122.0,2615.0,2338.0423728813557,10.0,10571.0,120.0,826.0,2158.5,290.0,6640.0,1991.3389830508474,44.0,4202.677966101695,652.0,1497.0,1151.3389830508474,2316.0,64708.0,26136.0,8018.0,17141.5,2483.0,48389.0,18572.21186440678,1191.0,29465.42372881356,22290.0,13917.0,11944.21186440678,2251.0,80145.0,9896.0,8256.0,19622.0,2335.0,49928.0,20895.898305084746,4469.0,41474.79661016949,24728.0,13956.0,12294.898305084746,39.0,22409.0,184.0,1620.0,3669.0,464.0,12537.0,5474.042372881356,499.0,9019.084745762711,10056.0,2661.0,5535.042372881356
Mercedes-Benz,2020,412.0,9076.0,2845.0,1536.0,3744.5,347.0,10377.0,4368.3983050847455,280.0,5974.796610169491,3531.0,2430.0,2015.3983050847457,14.0,9126.0,101.0,582.0,2077.5,216.0,5803.0,1547.4745762711864,89.0,3908.9491525423728,536.0,1234.0,893.4745762711864,1820.0,52898.0,8020.0,6221.0,15728.5,1886.0,39590.0,16582.0593220339,3753.0,30330.118644067796,19369.0,10139.0,10023.059322033898,0.0,0.0,0.0,0.0,0.0,0.0,0.0,0.0,0.0,0.0,0.0,0.0,0.0,101.0,13108.0,69.0,1267.0,2398.0,340.0,7158.0,4030.279661016949,3130.0,10499.559322033898,8243.0,1290.0,4398.279661016949
Mercury,2016,0.0,0.0,0.0,0.0,0.0,0.0,0.0,19.0,0.0,0.0,0.0,0.0,500.0,0.0,0.0,0.0,0.0,0.0,0.0,0.0,0.0,0.0,0.0,0.0,0.0,0.0,0.0,0.0,0.0,0.0,0.0,0.0,0.0,25.0,0.0,0.0,0.0,0.0,956.0,0.0,0.0,0.0,0.0,0.0,0.0,0.0,0.0,0.0,0.0,0.0,0.0,0.0,0.0,0.0,0.0,0.0,0.0,0.0,0.0,0.0,0.0,0.0,0.0,0.0,0.0
Mercury,2017,0.0,0.0,0.0,0.0,0.0,0.0,0.0,13.0,0.0,0.0,0.0,0.0,223.0,0.0,0.0,0.0,0.0,0.0,0.0,0.0,0.0,0.0,0.0,0.0,0.0,0.0,0.0,0.0,0.0,0.0,0.0,0.0,0.0,43.0,0.0,0.0,0.0,0.0,881.0,0.0,0.0,0.0,0.0,0.0,0.0,0.0,0.0,0.0,0.0,0.0,0.0,0.0,0.0,0.0,0.0,0.0,0.0,0.0,0.0,0.0,0.0,0.0,0.0,0.0,0.0
Mercury,2018,0.0,0.0,0.0,0.0,0.0,0.0,0.0,60.0,0.0,0.0,0.0,0.0,326.0,0.0,0.0,0.0,0.0,0.0,0.0,0.0,0.0,0.0,0.0,0.0,0.0,0.0,0.0,0.0,0.0,239.0,52.0,0.0,0.0,442.0,0.0,1.0,0.0,0.0,805.0,0.0,0.0,0.0,0.0,0.0,0.0,0.0,0.0,0.0,0.0,0.0,0.0,0.0,0.0,0.0,0.0,0.0,0.0,0.0,0.0,0.0,0.0,0.0,0.0,0.0,0.0
Mercury,2019,0.0,0.0,0.0,2.0,0.0,0.0,0.0,35.0,0.0,0.0,0.0,0.0,287.0,0.0,0.0,0.0,0.0,0.0,0.0,0.0,0.0,0.0,0.0,0.0,0.0,0.0,0.0,214.0,0.0,563.0,193.0,0.0,0.0,1771.0,0.0,1.0,0.0,0.0,1560.0,0.0,215.0,0.0,307.0,278.0,0.0,0.0,1471.0,0.0,3.0,0.0,0.0,1708.0,0.0,0.0,0.0,237.0,0.0,0.0,0.0,1034.0,0.0,0.0,0.0,0.0,983.0
Mercury,2020,0.0,0.0,0.0,0.0,0.0,0.0,0.0,105.0,0.0,0.0,0.0,0.0,354.0,0.0,0.0,0.0,0.0,0.0,0.0,0.0,0.0,0.0,0.0,0.0,0.0,0.0,0.0,133.0,0.0,161.0,213.0,0.0,0.0,711.0,0.0,3.0,0.0,0.0,1180.0,0.0,0.0,0.0,0.0,0.0,0.0,0.0,0.0,0.0,0.0,0.0,0.0,0.0,0.0,0.0,0.0,1.0,1.0,0.0,0.0,2.0,0.0,1.0,0.0,0.0,527.0
Mini,2016,0.0,923.0,404.0,14.0,110.0,0.0,293.0,191.20338983050848,0.0,200.0,379.2033898305085,18.0,0.0,0.0,1206.0,0.0,0.0,187.0,0.0,363.0,43.96610169491525,0.0,0.0,693.9661016949152,14.0,0.0,307.0,7687.0,4407.0,49.0,2239.0,0.0,2166.0,1141.0508474576272,0.0,3300.0,3967.0508474576272,1551.0,0.0,0.0,0.0,0.0,0.0,0.0,0.0,0.0,0.0,0.0,0.0,0.0,0.0,0.0,0.0,1634.0,0.0,0.0,1071.0,0.0,691.0,307.4491525423729,0.0,1906.0,142.44915254237287,1243.0,0.0
Mini,2017,0.0,781.0,194.0,10.0,169.0,0.0,322.0,206.8050847457627,0.0,225.0,613.8050847457628,138.0,0.0,0.0,1016.0,0.0,0.0,297.0,0.0,423.0,77.42372881355932,0.0,0.0,730.4237288135594,21.0,0.0,263.0,11515.0,3773.0,40.0,2870.0,0.0,2097.0,1886.406779661017,0.0,2283.0,5169.406779661017,1686.0,0.0,0.0,0.0,0.0,0.0,0.0,0.0,0.0,0.0,0.0,0.0,0.0,0.0,0.0,0.0,5575.0,0.0,0.0,838.0,0.0,590.0,334.99152542372883,0.0,1365.0,115.9915254237288,1233.0,0.0
Mini,2018,71.0,1151.0,278.0,16.0,231.0,0.0,531.0,278.35593220338984,0.0,276.0,754.3559322033898,151.0,0.0,228.0,976.0,0.0,29.0,407.0,0.0,626.0,298.90677966101697,0.0,161.0,442.90677966101697,216.0,0.0,1501.0,13988.0,3378.0,95.0,4817.0,0.0,2926.0,3412.330508474576,0.0,3026.0,5069.330508474576,2622.0,0.0,0.0,0.0,0.0,0.0,0.0,0.0,0.0,0.0,0.0,0.0,0.0,0.0,0.0,125.0,5806.0,0.0,0.0,1301.0,0.0,790.0,1173.7203389830509,0.0,1777.0,139.72033898305085,1417.0,0.0
Mini,2019,1134.0,1706.0,364.0,49.0,1115.0,0.0,1370.0,1285.042372881356,0.0,787.0,874.042372881356,206.0,0.0,573.0,1419.0,0.0,51.0,578.0,0.0,946.0,864.3389830508474,4.0,440.0,676.3389830508474,259.0,0.0,3203.0,14041.0,2530.0,206.0,6830.0,0.0,5392.0,9820.21186440678,67.0,4545.0,5809.21186440678,1852.0,0.0,4495.0,9432.0,2533.0,227.0,8105.0,0.0,7091.0,13232.898305084746,27.0,4746.0,7001.8983050847455,1366.0,157.0,283.0,4710.0,2.0,1.0,1081.0,0.0,1012.0,4695.042372881356,55.0,1935.0,155.0423728813559,686.0,0.0
Mini,2020,1531.0,973.0,299.0,82.0,1351.0,0.0,1598.0,1689.3983050847457,0.0,601.0,867.3983050847457,188.0,47.0,428.0,413.0,151.0,17.0,536.0,0.0,1053.0,1009.4745762711864,4.0,420.0,1037.4745762711864,212.0,0.0,3850.0,4763.0,2055.0,189.0,6512.0,0.0,5785.0,9883.059322033898,21.0,3465.0,5522.059322033898,1070.0,150.0,0.0,0.0,0.0,0.0,0.0,0.0,0.0,0.0,0.0,0.0,0.0,0.0,0.0,287.0,1011.0,22.0,6.0,809.0,0.0,1068.0,2399.279661016949,6.0,860.0,152.27966101694915,88.0,2.0
Mitsubishi,2016,0.0,0.0,0.0,0.0,0.0,0.0,0.0,0.0,0.0,0.0,0.0,0.0,0.0,0.0,0.0,0.0,0.0,0.0,0.0,0.0,0.0,0.0,0.0,0.0,0.0,0.0,0.0,0.0,0.0,0.0,0.0,0.0,0.0,22.0,0.0,0.0,0.0,0.0,0.0,0.0,0.0,0.0,0.0,0.0,0.0,0.0,0.0,0.0,0.0,0.0,0.0,0.0,0.0,0.0,0.0,0.0,0.0,0.0,0.0,0.0,0.0,0.0,0.0,0.0,0.0
Mitsubishi,2017,0.0,0.0,0.0,0.0,0.0,0.0,0.0,0.0,0.0,0.0,0.0,0.0,0.0,0.0,0.0,0.0,0.0,0.0,0.0,0.0,0.0,0.0,0.0,0.0,0.0,0.0,0.0,0.0,0.0,0.0,0.0,0.0,0.0,7.0,0.0,0.0,0.0,0.0,0.0,0.0,0.0,0.0,0.0,0.0,0.0,0.0,0.0,0.0,0.0,0.0,0.0,0.0,0.0,0.0,0.0,0.0,0.0,0.0,0.0,0.0,0.0,0.0,0.0,0.0,0.0
Mitsubishi,2018,0.0,0.0,0.0,0.0,0.0,0.0,0.0,0.0,0.0,0.0,0.0,0.0,0.0,0.0,0.0,0.0,0.0,0.0,0.0,0.0,0.0,0.0,0.0,0.0,0.0,0.0,0.0,0.0,0.0,0.0,0.0,0.0,17.0,25.0,0.0,0.0,0.0,0.0,0.0,0.0,0.0,0.0,0.0,0.0,0.0,0.0,0.0,0.0,0.0,0.0,0.0,0.0,0.0,0.0,0.0,0.0,0.0,0.0,0.0,0.0,0.0,0.0,0.0,0.0,0.0
Mitsubishi,2019,0.0,0.0,0.0,0.0,0.0,0.0,0.0,0.0,0.0,0.0,0.0,0.0,0.0,0.0,0.0,0.0,0.0,0.0,0.0,0.0,0.0,0.0,0.0,0.0,0.0,0.0,0.0,0.0,0.0,0.0,0.0,0.0,263.0,401.0,0.0,0.0,0.0,0.0,0.0,0.0,0.0,0.0,0.0,0.0,0.0,500.0,260.0,0.0,0.0,0.0,0.0,0.0,0.0,0.0,0.0,0.0,0.0,0.0,0.0,301.0,0.0,0.0,0.0,0.0,0.0
Mitsubishi,2020,0.0,0.0,0.0,0.0,0.0,0.0,0.0,0.0,0.0,0.0,0.0,0.0,0.0,0.0,0.0,0.0,0.0,0.0,0.0,0.0,0.0,0.0,0.0,0.0,0.0,0.0,0.0,0.0,0.0,0.0,0.0,0.0,296.0,136.0,0.0,0.0,0.0,0.0,0.0,0.0,0.0,0.0,0.0,0.0,0.0,0.0,0.0,0.0,0.0,0.0,0.0,0.0,0.0,0.0,0.0,0.0,0.0,0.0,55.0,21.0,0.0,0.0,0.0,0.0,0.0
Nissan,2018,0.0,0.0,0.0,0.0,0.0,0.0,0.0,0.0,0.0,0.0,0.0,0.0,0.0,0.0,0.0,0.0,0.0,0.0,0.0,0.0,0.0,0.0,0.0,0.0,0.0,0.0,0.0,0.0,0.0,0.0,0.0,0.0,1.0,0.0,0.0,0.0,0.0,0.0,0.0,0.0,0.0,0.0,0.0,0.0,0.0,0.0,0.0,0.0,0.0,0.0,0.0,0.0,0.0,0.0,0.0,0.0,0.0,0.0,0.0,0.0,0.0,0.0,0.0,0.0,0.0
Nissan,2019,0.0,0.0,0.0,0.0,0.0,0.0,0.0,0.0,0.0,0.0,0.0,0.0,0.0,0.0,0.0,0.0,0.0,0.0,0.0,0.0,0.0,0.0,0.0,0.0,0.0,0.0,0.0,0.0,0.0,0.0,0.0,0.0,21.0,0.0,0.0,0.0,0.0,0.0,0.0,0.0,0.0,120.0,0.0,0.0,0.0,28.0,0.0,0.0,0.0,0.0,0.0,0.0,0.0,0.0,0.0,0.0,0.0,0.0,0.0,0.0,0.0,0.0,0.0,0.0,0.0
Nissan,2020,0.0,0.0,0.0,0.0,0.0,0.0,0.0,0.0,0.0,0.0,0.0,0.0,0.0,0.0,0.0,0.0,0.0,0.0,0.0,0.0,0.0,0.0,0.0,0.0,0.0,0.0,0.0,0.0,3.0,0.0,0.0,0.0,17.0,0.0,0.0,0.0,0.0,0.0,0.0,0.0,0.0,0.0,0.0,0.0,0.0,0.0,0.0,0.0,0.0,0.0,0.0,0.0,0.0,0.0,0.0,0.0,0.0,0.0,0.0,0.0,0.0,0.0,0.0,0.0,0.0
Oldsmobile,2016,0.0,0.0,0.0,0.0,0.0,0.0,0.0,0.0,0.0,0.0,0.0,0.0,0.0,0.0,0.0,0.0,0.0,0.0,0.0,0.0,0.0,0.0,0.0,0.0,0.0,0.0,0.0,94.0,0.0,0.0,0.0,0.0,0.0,0.0,0.0,0.0,0.0,0.0,0.0,0.0,0.0,0.0,0.0,0.0,0.0,0.0,0.0,0.0,0.0,0.0,0.0,0.0,0.0,0.0,0.0,0.0,0.0,0.0,0.0,0.0,0.0,0.0,0.0,0.0,0.0
Oldsmobile,2017,0.0,0.0,0.0,0.0,0.0,0.0,0.0,0.0,0.0,0.0,0.0,0.0,0.0,0.0,0.0,0.0,0.0,0.0,0.0,0.0,0.0,0.0,0.0,0.0,0.0,0.0,0.0,313.0,0.0,0.0,0.0,0.0,0.0,0.0,0.0,0.0,0.0,0.0,0.0,0.0,0.0,0.0,0.0,0.0,0.0,0.0,0.0,0.0,0.0,0.0,0.0,0.0,0.0,0.0,0.0,0.0,0.0,0.0,0.0,0.0,0.0,0.0,0.0,0.0,0.0
Oldsmobile,2018,0.0,0.0,0.0,0.0,0.0,0.0,0.0,0.0,0.0,0.0,0.0,0.0,0.0,0.0,0.0,0.0,0.0,0.0,0.0,0.0,0.0,0.0,0.0,0.0,0.0,0.0,0.0,447.0,0.0,23.0,38.0,0.0,0.0,0.0,0.0,182.0,0.0,0.0,0.0,0.0,0.0,0.0,0.0,0.0,0.0,0.0,0.0,0.0,0.0,0.0,0.0,0.0,0.0,0.0,0.0,0.0,0.0,0.0,0.0,0.0,0.0,0.0,0.0,0.0,0.0
Oldsmobile,2019,0.0,0.0,0.0,0.0,0.0,0.0,0.0,0.0,0.0,0.0,0.0,0.0,0.0,0.0,0.0,0.0,0.0,0.0,0.0,0.0,0.0,0.0,0.0,0.0,0.0,0.0,0.0,406.0,0.0,50.0,166.0,0.0,0.0,15.0,0.0,197.0,0.0,0.0,0.0,0.0,680.0,0.0,50.0,133.0,0.0,0.0,67.0,0.0,157.0,0.0,0.0,0.0,0.0,0.0,0.0,2.0,0.0,0.0,0.0,0.0,0.0,0.0,0.0,0.0,0.0
Oldsmobile,2020,0.0,0.0,0.0,0.0,0.0,0.0,0.0,0.0,0.0,0.0,0.0,0.0,0.0,0.0,0.0,0.0,0.0,0.0,0.0,0.0,0.0,0.0,0.0,0.0,0.0,0.0,0.0,580.0,0.0,24.0,91.0,0.0,0.0,52.0,0.0,98.0,0.0,0.0,0.0,0.0,0.0,0.0,0.0,0.0,0.0,0.0,0.0,0.0,0.0,0.0,0.0,0.0,0.0,0.0,0.0,0.0,0.0,0.0,0.0,0.0,0.0,3.0,0.0,0.0,0.0
Plymouth,2018,0.0,0.0,0.0,0.0,0.0,0.0,0.0,0.0,0.0,0.0,0.0,0.0,0.0,0.0,0.0,0.0,0.0,0.0,0.0,0.0,0.0,0.0,0.0,0.0,0.0,0.0,0.0,0.0,0.0,0.0,0.0,0.0,7.0,0.0,0.0,0.0,0.0,0.0,0.0,0.0,0.0,0.0,0.0,0.0,0.0,0.0,0.0,0.0,0.0,0.0,0.0,0.0,0.0,0.0,0.0,0.0,0.0,0.0,0.0,0.0,0.0,0.0,0.0,0.0,0.0
Plymouth,2019,0.0,0.0,0.0,0.0,0.0,0.0,0.0,0.0,0.0,0.0,0.0,0.0,0.0,0.0,0.0,0.0,0.0,0.0,0.0,0.0,0.0,0.0,0.0,0.0,0.0,0.0,0.0,0.0,0.0,0.0,0.0,0.0,94.0,19.0,0.0,9.0,0.0,0.0,0.0,0.0,0.0,0.0,0.0,0.0,0.0,116.0,98.0,0.0,3.0,0.0,0.0,0.0,0.0,0.0,0.0,0.0,0.0,0.0,1.0,0.0,0.0,0.0,0.0,0.0,0.0
Plymouth,2020,0.0,0.0,0.0,0.0,0.0,0.0,0.0,0.0,0.0,0.0,0.0,0.0,0.0,0.0,0.0,0.0,0.0,0.0,0.0,0.0,0.0,0.0,0.0,0.0,0.0,0.0,0.0,0.0,0.0,0.0,0.0,0.0,93.0,80.0,0.0,1.0,0.0,0.0,0.0,0.0,0.0,0.0,0.0,0.0,0.0,0.0,0.0,0.0,0.0,0.0,0.0,0.0,0.0,0.0,0.0,0.0,0.0,0.0,1.0,22.0,0.0,0.0,0.0,0.0,0.0
Pontiac,2016,0.0,0.0,0.0,0.0,0.0,0.0,0.0,0.0,0.0,0.0,0.0,0.0,0.0,0.0,0.0,0.0,0.0,0.0,0.0,0.0,0.0,0.0,0.0,0.0,0.0,0.0,0.0,25.0,0.0,0.0,0.0,0.0,0.0,0.0,0.0,0.0,0.0,0.0,0.0,0.0,0.0,0.0,0.0,0.0,0.0,0.0,0.0,0.0,0.0,0.0,0.0,0.0,0.0,0.0,0.0,0.0,0.0,0.0,0.0,0.0,0.0,0.0,0.0,0.0,0.0
Pontiac,2017,0.0,0.0,0.0,0.0,0.0,0.0,0.0,0.0,0.0,0.0,0.0,0.0,0.0,0.0,0.0,0.0,0.0,0.0,0.0,0.0,0.0,0.0,0.0,0.0,0.0,0.0,0.0,33.0,0.0,0.0,0.0,0.0,11.0,0.0,0.0,0.0,0.0,4.0,0.0,0.0,0.0,0.0,0.0,0.0,0.0,0.0,0.0,0.0,0.0,0.0,0.0,0.0,0.0,0.0,0.0,0.0,0.0,0.0,0.0,0.0,0.0,0.0,0.0,0.0,0.0
Pontiac,2018,0.0,0.0,0.0,0.0,0.0,0.0,0.0,0.0,0.0,0.0,0.0,0.0,0.0,0.0,0.0,0.0,0.0,0.0,0.0,0.0,0.0,0.0,0.0,0.0,0.0,0.0,0.0,112.0,0.0,63.0,156.0,0.0,42.0,48.0,0.0,18.0,0.0,80.0,0.0,0.0,0.0,0.0,0.0,0.0,0.0,0.0,0.0,0.0,0.0,0.0,0.0,0.0,0.0,0.0,0.0,0.0,0.0,0.0,0.0,0.0,0.0,0.0,0.0,0.0,0.0
Pontiac,2019,0.0,0.0,0.0,3.0,0.0,0.0,0.0,3.0,0.0,0.0,0.0,0.0,0.0,0.0,0.0,0.0,0.0,0.0,0.0,0.0,0.0,0.0,0.0,0.0,0.0,0.0,0.0,101.0,0.0,455.0,589.0,0.0,290.0,749.0,0.0,327.0,0.0,372.0,0.0,0.0,109.0,0.0,507.0,735.0,0.0,233.0,317.0,0.0,1141.0,0.0,425.0,0.0,0.0,0.0,0.0,288.0,302.0,0.0,176.0,631.0,0.0,0.0,0.0,0.0,0.0
Pontiac,2020,0.0,0.0,0.0,2.0,0.0,0.0,0.0,8.0,0.0,0.0,0.0,0.0,0.0,0.0,0.0,0.0,0.0,0.0,0.0,0.0,0.0,0.0,0.0,0.0,0.0,0.0,0.0,57.0,0.0,391.0,501.0,0.0,174.0,138.0,0.0,681.0,0.0,268.0,0.0,0.0,0.0,0.0,0.0,0.0,0.0,0.0,0.0,0.0,0.0,0.0,0.0,0.0,0.0,1.0,0.0,0.0,280.0,0.0,34.0,26.0,0.0,2.0,0.0,0.0,0.0
Porsche,2016,0.0,1642.406779661017,663.2203389830507,148.20338983050848,368.6101694915254,8.0,1147.0,889.8135593220338,0.0,396.81355932203394,67.20338983050848,568.6101694915254,149.20338983050848,0.0,6530.932203389831,2572.7966101694915,303.96610169491527,1337.898305084746,0.0,2767.0,2810.864406779661,0.0,2367.8644067796613,181.96610169491527,1318.8983050847457,587.9661016949153,0.0,47389.101694915254,18232.305084745763,2918.5508474576272,7858.152542372882,279.0,19102.0,14922.203389830509,2415.0,10406.203389830509,2269.0508474576272,13502.152542372882,3957.0508474576272,0.0,0.0,0.0,0.0,0.0,0.0,0.0,0.0,0.0,0.0,0.0,0.0,0.0,0.0,1764.8983050847457,2533.6949152542365,506.4491525423729,2840.3474576271183,100.0,2213.0,1503.7966101694915,0.0,855.7966101694915,142.44915254237287,828.3474576271186,1115.4491525423728
Porsche,2017,0.0,1774.6101694915255,646.8305084745763,183.3050847457627,480.41525423728814,3.0,1458.0,1033.2203389830509,0.0,340.22033898305085,135.8050847457627,763.9152542372881,86.80508474576271,0.0,7926.847457627118,3754.5423728813557,580.9237288135594,1619.271186440678,0.0,3410.0,3939.6949152542375,0.0,2374.6949152542375,207.4237288135593,1976.2711864406779,504.4237288135593,0.0,44134.813559322036,22794.4406779661,2129.906779661017,7951.220338983051,325.0,22450.0,17753.627118644068,5044.0,9354.627118644068,2585.406779661017,13653.22033898305,4043.406779661017,0.0,0.0,0.0,0.0,0.0,0.0,0.0,0.0,0.0,0.0,0.0,0.0,0.0,0.0,1253.9830508474577,2038.949152542373,228.9915254237288,2000.9745762711862,48.0,1485.0,922.9661016949153,133.0,643.9661016949152,115.9915254237288,850.9745762711864,176.9915254237288
Porsche,2018,0.0,2787.7118644067796,1552.1355932203392,266.35593220338984,629.0677966101696,144.0,2169.0,1224.4237288135596,6.0,893.4237288135594,128.35593220338984,1005.5677966101696,189.35593220338984,0.0,10310.813559322034,4068.4406779661017,827.406779661017,2249.720338983051,0.0,4212.0,4406.627118644068,18.0,2813.6271186440677,304.90677966101697,2261.720338983051,680.9067796610169,0.0,57243.661016949154,25715.983050847462,4134.830508474576,10448.991525423728,1433.0,23890.0,18156.322033898305,2525.0,11852.322033898305,3140.330508474576,13983.49152542373,4665.330508474576,0.0,0.0,0.0,0.0,0.0,0.0,0.0,0.0,0.0,0.0,0.0,0.0,0.0,0.0,2452.4406779661017,1787.322033898305,321.72033898305085,3038.1610169491523,188.0,1947.0,948.8813559322034,412.0,924.8813559322034,341.72033898305085,1154.1610169491526,281.72033898305085
Porsche,2019,0.0,3212.084745762712,1244.2542372881358,434.04237288135596,1096.1271186440679,136.0,2128.0,1445.1694915254238,81.0,1128.1694915254238,176.04237288135593,1284.6271186440677,243.04237288135593,0.0,10327.677966101695,4309.033898305084,671.3389830508474,1749.0169491525423,0.0,3928.0,3428.35593220339,27.0,3029.35593220339,432.33898305084745,2465.016949152542,627.3389830508474,0.0,62606.42372881356,31659.271186440677,5668.71186440678,10003.635593220339,1001.0,27087.0,25642.84745762712,5555.0,13040.847457627118,3493.2118644067796,14567.635593220339,4639.21186440678,0.0,76477.79661016949,29958.389830508473,6127.8983050847455,13877.694915254237,1465.0,29572.0,28004.593220338982,6287.0,15447.593220338982,4807.8983050847455,17095.194915254237,6305.8983050847455,0.0,2947.084745762712,2416.2542372881353,689.042372881356,2455.127118644068,540.0,2011.0,3499.169491525424,1670.0,1701.1694915254236,304.0423728813559,1409.1271186440677,531.042372881356
Porsche,2020,0.0,3990.7966101694915,1548.3898305084745,335.39830508474574,1259.1949152542372,192.0,2156.0,1714.593220338983,242.0,933.5932203389831,147.39830508474577,1211.6949152542375,337.39830508474574,0.0,12021.949152542373,4799.847457627118,760.9745762711864,2257.423728813559,4.0,4269.0,3573.8983050847455,38.0,3285.8983050847455,517.4745762711864,3069.423728813559,870.4745762711864,0.0,58354.1186440678,21781.35593220339,5024.059322033898,9876.177966101694,1223.0,24121.0,19700.23728813559,3819.0,12236.237288135593,2936.0593220338983,13715.677966101695,5187.059322033898,0.0,0.0,0.0,0.0,0.0,0.0,0.0,0.0,0.0,0.0,0.0,0.0,0.0,0.0,2278.5593220338983,1263.677966101695,462.27966101694915,1938.8389830508474,239.0,1545.0,2467.1186440677966,1176.0,1229.1186440677966,368.27966101694915,1161.8389830508474,693.2796610169491
Ram,2016,0.0,0.0,0.0,0.0,0.0,0.0,5.0,87.0,0.0,0.0,0.0,0.0,0.0,0.0,0.0,0.0,0.0,0.0,0.0,0.0,0.0,0.0,0.0,0.0,0.0,0.0,0.0,0.0,0.0,0.0,0.0,0.0,25.0,1204.0,0.0,0.0,123.0,0.0,0.0,0.0,0.0,0.0,0.0,0.0,0.0,0.0,0.0,0.0,0.0,0.0,0.0,0.0,0.0,0.0,0.0,0.0,0.0,0.0,0.0,0.0,0.0,0.0,0.0,0.0,0.0
Ram,2017,0.0,0.0,0.0,0.0,0.0,0.0,1.0,74.0,0.0,0.0,0.0,0.0,0.0,0.0,0.0,0.0,0.0,0.0,0.0,0.0,0.0,0.0,0.0,0.0,0.0,0.0,0.0,0.0,0.0,0.0,0.0,0.0,28.0,1094.0,0.0,0.0,122.0,0.0,0.0,0.0,0.0,0.0,0.0,0.0,0.0,0.0,0.0,0.0,0.0,0.0,0.0,0.0,0.0,0.0,0.0,0.0,0.0,0.0,0.0,0.0,0.0,0.0,0.0,0.0,0.0
Ram,2018,0.0,0.0,0.0,0.0,0.0,0.0,7.0,142.0,0.0,0.0,0.0,0.0,0.0,0.0,0.0,0.0,0.0,0.0,0.0,0.0,0.0,0.0,0.0,0.0,0.0,25.0,0.0,0.0,0.0,0.0,0.0,0.0,48.0,1511.0,0.0,0.0,116.0,0.0,152.0,0.0,0.0,0.0,0.0,0.0,0.0,0.0,0.0,0.0,0.0,0.0,0.0,0.0,0.0,0.0,0.0,0.0,0.0,0.0,0.0,0.0,0.0,0.0,0.0,0.0,83.0
Ram,2019,0.0,0.0,0.0,0.0,0.0,0.0,24.0,323.0,0.0,0.0,0.0,0.0,6.0,0.0,0.0,0.0,0.0,0.0,0.0,0.0,0.0,0.0,0.0,0.0,0.0,31.0,0.0,0.0,0.0,0.0,0.0,0.0,40.0,1669.0,0.0,0.0,61.0,0.0,200.0,0.0,0.0,0.0,0.0,17.0,0.0,95.0,1743.0,0.0,0.0,117.0,0.0,286.0,0.0,0.0,0.0,0.0,0.0,0.0,0.0,7.0,0.0,0.0,0.0,0.0,20.0
Ram,2020,0.0,0.0,0.0,0.0,0.0,0.0,24.0,281.0,0.0,0.0,0.0,0.0,121.0,0.0,0.0,0.0,0.0,0.0,0.0,0.0,0.0,0.0,0.0,0.0,0.0,18.0,0.0,0.0,0.0,0.0,17.0,0.0,91.0,1395.0,0.0,0.0,87.0,0.0,269.0,0.0,0.0,0.0,0.0,0.0,0.0,0.0,0.0,0.0,0.0,0.0,0.0,0.0,0.0,0.0,0.0,0.0,0.0,0.0,0.0,4.0,0.0,0.0,3.0,0.0,1.0
Rolls Royce,2016,0.0,0.0,0.0,0.0,51.20338983050848,0.0,0.0,0.0,0.0,0.0,0.0,0.0,0.0,0.0,0.0,0.0,0.0,18.966101694915253,0.0,0.0,0.0,0.0,0.0,0.0,0.0,0.0,0.0,0.0,0.0,0.0,349.0508474576271,0.0,0.0,0.0,0.0,0.0,0.0,0.0,0.0,0.0,0.0,0.0,0.0,0.0,0.0,0.0,0.0,0.0,0.0,0.0,0.0,0.0,0.0,0.0,0.0,0.0,142.44915254237287,0.0,0.0,0.0,0.0,0.0,0.0,0.0,0.0
Rolls Royce,2017,0.0,0.0,0.0,0.0,68.80508474576271,0.0,0.0,0.0,0.0,0.0,0.0,0.0,0.0,0.0,0.0,0.0,0.0,25.423728813559322,0.0,0.0,0.0,0.0,0.0,0.0,0.0,0.0,0.0,0.0,0.0,0.0,373.4067796610169,0.0,0.0,282.0,0.0,0.0,0.0,0.0,0.0,0.0,0.0,0.0,0.0,0.0,0.0,0.0,0.0,0.0,0.0,0.0,0.0,0.0,0.0,0.0,0.0,0.0,115.9915254237288,0.0,0.0,0.0,0.0,0.0,0.0,0.0,0.0
Rolls Royce,2018,0.0,0.0,0.0,0.0,59.35593220338985,227.0,0.0,15.0,0.0,0.0,0.0,0.0,0.0,0.0,0.0,0.0,0.0,28.90677966101695,0.0,0.0,70.0,0.0,0.0,0.0,0.0,0.0,0.0,0.0,0.0,0.0,406.33050847457633,1167.0,0.0,584.0,0.0,0.0,0.0,0.0,0.0,0.0,0.0,0.0,0.0,0.0,0.0,0.0,0.0,0.0,0.0,0.0,0.0,0.0,0.0,0.0,0.0,0.0,139.72033898305085,0.0,0.0,0.0,0.0,0.0,0.0,0.0,0.0
Rolls Royce,2019,0.0,0.0,0.0,0.0,78.04237288135593,452.0,0.0,97.0,0.0,0.0,0.0,0.0,0.0,0.0,0.0,0.0,0.0,35.33898305084746,0.0,0.0,38.0,0.0,0.0,0.0,0.0,0.0,0.0,0.0,0.0,0.0,400.2118644067797,1627.0,0.0,909.0,0.0,0.0,0.0,0.0,0.0,0.0,0.0,0.0,0.0,441.8983050847457,1639.0,0.0,745.0,0.0,0.0,0.0,0.0,0.0,0.0,0.0,0.0,0.0,124.04237288135592,0.0,0.0,1.0,0.0,0.0,0.0,0.0,0.0
Rolls Royce,2020,0.0,0.0,0.0,0.0,62.39830508474577,590.0,0.0,169.0,0.0,0.0,0.0,0.0,0.0,0.0,0.0,0.0,0.0,31.474576271186443,0.0,0.0,55.0,0.0,0.0,0.0,0.0,0.0,0.0,0.0,0.0,0.0,344.0593220338983,1332.0,0.0,637.0,0.0,0.0,0.0,0.0,0.0,0.0,0.0,0.0,0.0,0.0,0.0,0.0,0.0,0.0,0.0,0.0,0.0,0.0,0.0,0.0,0.0,0.0,100.27966101694916,1.0,0.0,1.0,0.0,0.0,0.0,0.0,0.0
Saab,2016,0.0,397.0,0.0,67.0,550.2033898305085,0.0,332.0,257.0,0.0,664.0,142.0,322.0,0.0,0.0,161.0,0.0,52.0,991.9661016949152,0.0,314.0,100.0,0.0,510.0,151.0,142.0,0.0,278.0,13020.0,0.0,1397.0,13280.050847457627,0.0,3315.0,2115.0,0.0,9719.0,1735.0,5311.0,0.0,0.0,0.0,0.0,0.0,0.0,0.0,0.0,0.0,0.0,0.0,0.0,0.0,0.0,0.0,5650.0,0.0,282.0,4399.449152542373,0.0,694.0,944.0,0.0,3143.0,841.0,1547.0,0.0
Saab,2017,0.0,344.0,0.0,145.0,454.8050847457627,0.0,282.0,331.0,0.0,358.0,27.0,183.0,0.0,0.0,77.0,0.0,37.0,867.4237288135594,0.0,489.0,155.0,0.0,470.0,94.0,85.0,0.0,256.0,12704.0,0.0,1643.0,11886.406779661016,0.0,3651.0,2399.0,0.0,7648.0,838.0,4679.0,0.0,0.0,0.0,0.0,0.0,0.0,0.0,0.0,0.0,0.0,0.0,0.0,0.0,0.0,0.0,3965.0,0.0,154.0,2801.9915254237285,0.0,403.0,717.0,0.0,1639.0,224.0,586.0,0.0
Saab,2018,0.0,751.0,0.0,159.0,436.35593220338984,0.0,309.0,341.0,0.0,390.0,72.0,151.0,0.0,0.0,151.0,0.0,127.0,702.906779661017,0.0,382.0,197.0,0.0,513.0,142.0,93.0,39.0,180.0,7487.0,0.0,1612.0,9998.330508474577,0.0,3272.0,3348.0,0.0,5109.0,1319.0,2498.0,81.0,0.0,0.0,0.0,0.0,0.0,0.0,0.0,0.0,0.0,0.0,0.0,0.0,0.0,0.0,3086.0,0.0,150.0,2520.720338983051,0.0,606.0,1548.0,0.0,1318.0,552.0,349.0,17.0
Saab,2019,0.0,958.0,0.0,194.0,719.042372881356,0.0,738.0,499.0,0.0,598.0,74.0,233.0,26.0,0.0,341.0,0.0,192.0,1128.3389830508474,0.0,668.0,491.0,0.0,779.0,332.0,220.0,70.0,111.0,7601.0,0.0,1739.0,9603.21186440678,0.0,5197.0,3700.0,0.0,6014.0,1279.0,3052.0,196.0,72.0,6301.0,0.0,2158.0,8304.898305084746,0.0,4854.0,6819.0,0.0,6329.0,1333.0,2825.0,141.0,0.0,2508.0,0.0,195.0,2164.0423728813557,0.0,1303.0,1845.0,0.0,1402.0,343.0,363.0,52.0
Saab,2020,0.0,1135.0,0.0,356.0,931.3983050847457,0.0,1217.0,575.0,0.0,989.0,147.0,365.0,31.0,0.0,308.0,0.0,123.0,885.4745762711864,0.0,610.0,475.0,0.0,770.0,286.0,222.0,35.0,58.0,4918.0,0.0,1395.0,6010.059322033898,0.0,3882.0,3412.0,0.0,4780.0,1041.0,2314.0,91.0,0.0,0.0,0.0,0.0,0.0,0.0,0.0,0.0,0.0,0.0,0.0,0.0,0.0,0.0,1050.0,0.0,53.0,934.2796610169491,0.0,385.0,1445.0,0.0,578.0,162.0,206.0,1.0
Saturn,2019,0.0,0.0,0.0,0.0,0.0,0.0,0.0,6.0,0.0,0.0,0.0,0.0,0.0,0.0,0.0,0.0,0.0,0.0,0.0,0.0,0.0,0.0,0.0,0.0,0.0,0.0,0.0,0.0,0.0,0.0,0.0,0.0,0.0,1960.0,0.0,0.0,0.0,0.0,0.0,0.0,0.0,0.0,61.0,0.0,0.0,0.0,5840.0,0.0,0.0,0.0,0.0,0.0,0.0,0.0,0.0,0.0,0.0,0.0,0.0,1318.0,0.0,0.0,0.0,0.0,0.0
Saturn,2020,0.0,0.0,0.0,0.0,0.0,0.0,0.0,433.0,0.0,0.0,0.0,0.0,0.0,0.0,0.0,0.0,0.0,0.0,0.0,0.0,0.0,0.0,0.0,0.0,0.0,0.0,0.0,0.0,0.0,60.0,0.0,0.0,0.0,4790.0,0.0,0.0,0.0,0.0,0.0,0.0,0.0,0.0,0.0,0.0,0.0,0.0,0.0,0.0,0.0,0.0,0.0,0.0,0.0,0.0,0.0,0.0,0.0,0.0,0.0,2788.0,0.0,0.0,0.0,0.0,0.0
Scion,2016,0.0,0.0,0.0,0.0,0.0,0.0,0.0,0.0,0.0,0.0,0.0,0.0,0.0,0.0,0.0,0.0,0.0,0.0,0.0,0.0,0.0,0.0,0.0,0.0,0.0,0.0,0.0,0.0,0.0,0.0,0.0,0.0,0.0,4.0,0.0,0.0,0.0,0.0,0.0,0.0,0.0,0.0,0.0,0.0,0.0,0.0,0.0,0.0,0.0,0.0,0.0,0.0,0.0,0.0,0.0,0.0,0.0,0.0,0.0,0.0,0.0,0.0,0.0,0.0,0.0
Scion,2017,0.0,0.0,0.0,0.0,0.0,0.0,0.0,0.0,0.0,0.0,0.0,0.0,0.0,0.0,0.0,0.0,0.0,0.0,0.0,0.0,0.0,0.0,0.0,0.0,0.0,0.0,0.0,0.0,0.0,0.0,0.0,0.0,0.0,1.0,0.0,0.0,0.0,0.0,0.0,0.0,0.0,0.0,0.0,0.0,0.0,0.0,0.0,0.0,0.0,0.0,0.0,0.0,0.0,0.0,0.0,0.0,0.0,0.0,0.0,0.0,0.0,0.0,0.0,0.0,0.0
Scion,2018,0.0,0.0,0.0,0.0,0.0,0.0,0.0,0.0,0.0,0.0,0.0,0.0,0.0,0.0,0.0,0.0,0.0,0.0,0.0,0.0,0.0,0.0,0.0,0.0,0.0,0.0,0.0,0.0,0.0,0.0,0.0,0.0,0.0,51.0,0.0,0.0,0.0,0.0,0.0,0.0,0.0,0.0,0.0,0.0,0.0,0.0,0.0,0.0,0.0,0.0,0.0,0.0,0.0,0.0,0.0,0.0,0.0,0.0,0.0,0.0,0.0,0.0,0.0,0.0,0.0
Scion,2019,0.0,0.0,0.0,0.0,0.0,0.0,0.0,0.0,0.0,0.0,0.0,0.0,0.0,0.0,0.0,0.0,0.0,0.0,0.0,0.0,0.0,0.0,0.0,0.0,0.0,0.0,0.0,0.0,0.0,0.0,0.0,0.0,98.0,205.0,0.0,0.0,0.0,0.0,0.0,0.0,31.0,0.0,0.0,17.0,0.0,496.0,338.0,0.0,0.0,0.0,0.0,0.0,0.0,0.0,0.0,0.0,0.0,0.0,0.0,1.0,0.0,0.0,0.0,0.0,0.0
Scion,2020,0.0,0.0,0.0,0.0,0.0,0.0,93.0,0.0,0.0,0.0,0.0,0.0,0.0,0.0,0.0,0.0,0.0,0.0,0.0,0.0,0.0,0.0,0.0,0.0,0.0,0.0,0.0,22.0,0.0,0.0,17.0,0.0,352.0,275.0,0.0,0.0,0.0,0.0,0.0,0.0,0.0,0.0,0.0,0.0,0.0,0.0,0.0,0.0,0.0,0.0,0.0,0.0,0.0,0.0,0.0,0.0,0.0,0.0,0.0,21.0,0.0,0.0,0.0,0.0,0.0
Seat,2016,0.0,0.0,0.0,0.0,0.0,0.0,0.0,514.0,0.0,0.0,0.0,0.0,0.0,0.0,0.0,0.0,0.0,0.0,0.0,0.0,0.0,0.0,0.0,0.0,0.0,0.0,0.0,0.0,0.0,0.0,2.0,0.0,0.0,6017.0,0.0,0.0,0.0,0.0,0.0,0.0,0.0,0.0,0.0,0.0,0.0,0.0,0.0,0.0,0.0,0.0,0.0,0.0,0.0,0.0,0.0,0.0,0.0,0.0,0.0,692.0,0.0,0.0,0.0,0.0,0.0
Seat,2017,0.0,0.0,0.0,0.0,0.0,0.0,0.0,2819.0,0.0,0.0,0.0,0.0,0.0,0.0,0.0,0.0,0.0,0.0,0.0,0.0,43.0,0.0,0.0,0.0,0.0,0.0,0.0,0.0,0.0,0.0,106.0,0.0,0.0,8837.0,0.0,0.0,0.0,0.0,0.0,0.0,0.0,0.0,0.0,0.0,0.0,0.0,0.0,0.0,0.0,0.0,0.0,0.0,0.0,0.0,0.0,0.0,0.0,0.0,0.0,297.0,0.0,0.0,0.0,0.0,0.0
Seat,2018,0.0,0.0,0.0,0.0,0.0,0.0,0.0,1120.0,0.0,0.0,0.0,0.0,0.0,0.0,0.0,0.0,0.0,0.0,0.0,0.0,56.0,0.0,0.0,0.0,0.0,0.0,0.0,0.0,0.0,0.0,66.0,0.0,86.0,5375.0,0.0,0.0,0.0,0.0,0.0,0.0,0.0,0.0,0.0,0.0,0.0,0.0,0.0,0.0,0.0,0.0,0.0,0.0,0.0,0.0,0.0,0.0,0.0,0.0,0.0,323.0,0.0,0.0,0.0,0.0,0.0
Seat,2019,0.0,0.0,0.0,0.0,0.0,0.0,634.0,1170.0,0.0,0.0,0.0,0.0,0.0,0.0,0.0,0.0,0.0,0.0,0.0,0.0,64.0,0.0,0.0,0.0,0.0,0.0,0.0,0.0,0.0,0.0,102.0,0.0,1536.0,4531.0,0.0,0.0,0.0,0.0,0.0,0.0,0.0,0.0,0.0,100.0,0.0,2354.0,4802.0,0.0,0.0,0.0,0.0,0.0,0.0,0.0,0.0,0.0,0.0,0.0,20.0,322.0,0.0,0.0,0.0,0.0,0.0
Seat,2020,0.0,0.0,0.0,0.0,0.0,0.0,959.0,1500.0,0.0,0.0,0.0,0.0,0.0,0.0,0.0,0.0,0.0,0.0,0.0,0.0,54.0,0.0,0.0,0.0,0.0,0.0,0.0,0.0,0.0,0.0,50.0,0.0,1768.0,3725.0,0.0,0.0,0.0,0.0,0.0,0.0,0.0,0.0,0.0,0.0,0.0,0.0,0.0,0.0,0.0,0.0,0.0,0.0,0.0,0.0,0.0,0.0,1.0,0.0,213.0,38.0,0.0,0.0,0.0,0.0,0.0
Smart,2016,0.0,0.0,0.0,0.0,0.0,0.0,0.0,0.0,0.0,0.0,0.0,0.0,0.0,0.0,0.0,0.0,0.0,0.0,0.0,0.0,0.0,0.0,0.0,0.0,0.0,0.0,0.0,0.0,0.0,0.0,6.0,0.0,0.0,0.0,0.0,0.0,0.0,0.0,0.0,0.0,0.0,0.0,0.0,0.0,0.0,0.0,0.0,0.0,0.0,0.0,0.0,0.0,0.0,0.0,0.0,0.0,0.0,0.0,0.0,0.0,0.0,0.0,0.0,0.0,0.0
Smart,2017,0.0,0.0,0.0,0.0,0.0,0.0,0.0,0.0,0.0,0.0,0.0,0.0,0.0,0.0,0.0,0.0,0.0,0.0,0.0,0.0,0.0,0.0,0.0,0.0,0.0,0.0,0.0,0.0,0.0,0.0,28.0,0.0,0.0,0.0,0.0,0.0,0.0,0.0,0.0,0.0,0.0,0.0,0.0,0.0,0.0,0.0,0.0,0.0,0.0,0.0,0.0,0.0,0.0,0.0,0.0,0.0,0.0,0.0,0.0,0.0,0.0,0.0,0.0,0.0,0.0
Smart,2018,0.0,0.0,0.0,0.0,0.0,0.0,0.0,0.0,0.0,0.0,0.0,0.0,0.0,0.0,0.0,0.0,0.0,0.0,0.0,0.0,0.0,0.0,0.0,0.0,0.0,0.0,0.0,0.0,0.0,0.0,19.0,0.0,0.0,0.0,0.0,0.0,0.0,0.0,0.0,0.0,0.0,0.0,0.0,0.0,0.0,0.0,0.0,0.0,0.0,0.0,0.0,0.0,0.0,0.0,0.0,0.0,0.0,0.0,0.0,0.0,0.0,0.0,0.0,0.0,0.0
Smart,2019,0.0,0.0,0.0,0.0,0.0,0.0,0.0,0.0,0.0,0.0,0.0,0.0,0.0,0.0,0.0,0.0,0.0,0.0,0.0,0.0,0.0,0.0,0.0,0.0,0.0,0.0,0.0,0.0,0.0,0.0,27.0,0.0,0.0,0.0,0.0,0.0,0.0,0.0,0.0,0.0,0.0,0.0,0.0,40.0,0.0,0.0,0.0,0.0,0.0,0.0,0.0,0.0,0.0,0.0,0.0,0.0,0.0,0.0,0.0,0.0,0.0,0.0,0.0,0.0,0.0
Smart,2020,0.0,0.0,0.0,0.0,0.0,0.0,0.0,0.0,0.0,0.0,0.0,0.0,0.0,0.0,0.0,0.0,0.0,0.0,0.0,0.0,0.0,0.0,0.0,0.0,0.0,0.0,0.0,0.0,0.0,0.0,32.0,0.0,0.0,0.0,0.0,0.0,0.0,0.0,0.0,0.0,0.0,0.0,0.0,0.0,0.0,0.0,0.0,0.0,0.0,0.0,0.0,0.0,0.0,0.0,0.0,0.0,2.0,0.0,0.0,0.0,0.0,0.0,0.0,0.0,0.0
Toyota,2016,0.0,0.0,0.0,0.0,0.0,0.0,0.0,0.0,0.0,0.0,0.0,0.0,0.0,0.0,0.0,0.0,0.0,0.0,0.0,0.0,0.0,0.0,0.0,0.0,0.0,0.0,0.0,0.0,0.0,0.0,0.0,0.0,210.0,27.0,0.0,0.0,0.0,2.0,0.0,0.0,0.0,0.0,0.0,0.0,0.0,0.0,0.0,0.0,0.0,0.0,0.0,0.0,0.0,0.0,0.0,0.0,0.0,0.0,0.0,0.0,0.0,0.0,0.0,0.0,0.0
Toyota,2017,0.0,0.0,0.0,0.0,0.0,0.0,0.0,0.0,0.0,0.0,0.0,0.0,0.0,0.0,0.0,0.0,0.0,0.0,0.0,0.0,0.0,0.0,0.0,0.0,0.0,0.0,0.0,0.0,0.0,0.0,0.0,0.0,135.0,33.0,0.0,0.0,0.0,1.0,0.0,0.0,0.0,0.0,0.0,0.0,0.0,0.0,0.0,0.0,0.0,0.0,0.0,0.0,0.0,0.0,0.0,0.0,0.0,0.0,0.0,0.0,0.0,0.0,0.0,0.0,0.0
Toyota,2018,0.0,0.0,0.0,0.0,0.0,0.0,0.0,0.0,0.0,0.0,0.0,0.0,0.0,0.0,0.0,0.0,0.0,0.0,0.0,0.0,0.0,0.0,0.0,0.0,0.0,0.0,0.0,92.0,0.0,0.0,0.0,0.0,354.0,38.0,0.0,0.0,0.0,20.0,0.0,0.0,0.0,0.0,0.0,0.0,0.0,0.0,0.0,0.0,0.0,0.0,0.0,0.0,0.0,79.0,0.0,0.0,0.0,0.0,51.0,0.0,0.0,0.0,0.0,0.0,0.0
Toyota,2019,0.0,0.0,0.0,0.0,0.0,0.0,20.0,9.0,0.0,0.0,0.0,0.0,0.0,0.0,0.0,0.0,0.0,0.0,0.0,0.0,28.0,0.0,0.0,0.0,0.0,0.0,0.0,445.0,0.0,0.0,0.0,0.0,1506.0,1012.0,0.0,0.0,0.0,177.0,0.0,0.0,373.0,254.0,0.0,0.0,0.0,2067.0,2009.0,0.0,0.0,0.0,154.0,0.0,0.0,295.0,0.0,0.0,0.0,0.0,752.0,820.0,0.0,0.0,0.0,0.0,0.0
Toyota,2020,0.0,0.0,0.0,0.0,0.0,0.0,96.0,12.0,0.0,0.0,0.0,0.0,0.0,0.0,0.0,0.0,0.0,0.0,0.0,0.0,0.0,0.0,0.0,0.0,0.0,0.0,0.0,255.0,209.0,0.0,0.0,0.0,1747.0,1365.0,0.0,0.0,0.0,104.0,0.0,0.0,0.0,0.0,0.0,0.0,0.0,0.0,0.0,0.0,0.0,0.0,0.0,0.0,0.0,115.0,158.0,0.0,0.0,0.0,569.0,904.0,0.0,0.0,0.0,0.0,0.0
Triumph,2016,0.0,0.0,0.0,0.0,205.8135593220339,0.0,0.0,0.0,0.0,0.0,0.0,0.0,0.0,0.0,0.0,0.0,0.0,75.86440677966101,0.0,0.0,0.0,0.0,0.0,0.0,0.0,0.0,0.0,381.0,325.0,0.0,3066.203389830509,0.0,0.0,0.0,0.0,0.0,0.0,0.0,0.0,0.0,0.0,0.0,0.0,0.0,0.0,0.0,0.0,0.0,0.0,0.0,0.0,0.0,0.0,0.0,0.0,0.0,569.7966101694915,0.0,0.0,0.0,0.0,0.0,0.0,0.0,0.0
Triumph,2017,0.0,0.0,0.0,0.0,279.22033898305085,0.0,0.0,0.0,0.0,0.0,0.0,0.0,0.0,0.0,0.0,0.0,0.0,101.69491525423729,0.0,0.0,0.0,0.0,0.0,0.0,0.0,0.0,0.0,406.0,415.0,0.0,3061.627118644068,0.0,0.0,0.0,0.0,0.0,0.0,0.0,0.0,0.0,0.0,0.0,0.0,0.0,0.0,0.0,0.0,0.0,0.0,0.0,0.0,0.0,0.0,0.0,0.0,0.0,463.9661016949152,0.0,0.0,0.0,0.0,0.0,0.0,0.0,0.0
Triumph,2018,0.0,0.0,0.0,0.0,237.4237288135594,0.0,0.0,0.0,0.0,0.0,0.0,0.0,0.0,0.0,0.0,0.0,0.0,115.6271186440678,0.0,0.0,0.0,0.0,0.0,0.0,0.0,0.0,0.0,94.0,225.0,0.0,3681.322033898305,0.0,0.0,0.0,0.0,0.0,0.0,0.0,0.0,0.0,0.0,0.0,0.0,0.0,0.0,0.0,0.0,0.0,0.0,0.0,0.0,0.0,0.0,0.0,0.0,0.0,558.8813559322034,0.0,0.0,0.0,0.0,0.0,0.0,0.0,0.0
Triumph,2019,0.0,0.0,8.0,0.0,312.1694915254237,0.0,0.0,0.0,0.0,0.0,0.0,0.0,0.0,0.0,0.0,0.0,0.0,141.35593220338984,0.0,0.0,0.0,0.0,0.0,0.0,0.0,0.0,0.0,504.0,176.0,0.0,5438.847457627118,0.0,0.0,0.0,0.0,0.0,0.0,0.0,0.0,0.0,495.0,249.0,0.0,11559.593220338982,0.0,0.0,0.0,0.0,0.0,0.0,0.0,0.0,0.0,0.0,2.0,0.0,506.16949152542367,0.0,0.0,0.0,0.0,0.0,0.0,0.0,0.0
Triumph,2020,0.0,9.0,65.0,0.0,249.5932203389831,0.0,0.0,0.0,0.0,0.0,0.0,0.0,0.0,0.0,0.0,0.0,0.0,125.89830508474577,0.0,0.0,0.0,0.0,0.0,0.0,0.0,0.0,0.0,218.0,223.0,0.0,4107.237288135593,0.0,0.0,0.0,0.0,0.0,0.0,0.0,0.0,0.0,0.0,0.0,0.0,0.0,0.0,0.0,0.0,0.0,0.0,0.0,0.0,0.0,0.0,0.0,4.0,0.0,405.11864406779665,0.0,0.0,0.0,0.0,0.0,0.0,0.0,0.0
Volkswagen,2016,0.0,4038.0,199.20338983050848,1004.0,6392.406779661017,51.20338983050848,3053.0,7002.203389830509,0.0,2273.0,181.0,1461.0,1686.2033898305085,0.0,483.0,18.966101694915253,64.0,757.9322033898305,18.966101694915253,761.0,373.96610169491527,0.0,1084.0,21.0,178.0,620.9661016949153,0.0,19551.0,5108.050847457627,8077.5,84521.10169491525,349.0508474576271,28575.0,53888.05084745763,95.0,29428.0,1666.0,15866.0,8238.050847457627,0.0,0.0,0.0,0.0,0.0,0.0,0.0,0.0,0.0,0.0,0.0,0.0,0.0,0.0,2060.0,142.44915254237287,513.0,41682.898305084746,142.44915254237287,9711.0,19374.449152542373,0.0,15770.0,28.0,2193.0,2146.4491525423728
Volkswagen,2017,60.0,2458.0,347.8050847457627,1109.5,4406.610169491525,68.80508474576271,3044.0,7795.8050847457625,4.0,4094.0,250.0,2195.5,1447.8050847457628,0.0,553.0,25.423728813559322,106.5,601.8474576271186,25.423728813559322,582.0,852.4237288135594,0.0,1770.0,25.0,270.0,882.4237288135594,99.0,24550.0,7430.406779661017,15432.5,59091.813559322036,373.4067796610169,27939.0,45877.40677966102,189.0,29763.0,1786.0,17969.0,7512.406779661017,0.0,0.0,0.0,0.0,0.0,0.0,0.0,0.0,0.0,0.0,0.0,0.0,0.0,0.0,5436.0,115.9915254237288,122.0,23709.98305084746,115.9915254237288,6404.0,10999.991525423728,0.0,9569.0,0.0,2196.0,1068.991525423729
Volkswagen,2018,16.0,3458.0,357.35593220338984,1562.0,5906.71186440678,59.35593220338985,3784.0,8603.35593220339,21.0,3412.0,390.0,3390.5,1594.3559322033898,0.0,676.0,28.90677966101695,257.5,1068.8135593220338,28.90677966101695,643.0,1061.906779661017,0.0,1397.0,17.0,608.0,575.9067796610169,201.0,21788.0,6511.330508474576,13233.5,57592.661016949154,406.33050847457633,29653.0,48242.33050847458,199.0,32891.0,1932.0,20765.5,7587.330508474576,0.0,0.0,0.0,0.0,0.0,0.0,0.0,0.0,0.0,0.0,0.0,0.0,0.0,0.0,2566.0,139.72033898305085,214.0,24231.4406779661,139.72033898305085,6695.0,14296.72033898305,0.0,10861.0,0.0,1542.0,1170.7203389830509
Volkswagen,2019,45.0,3581.0,477.04237288135596,1379.0,7338.0847457627115,78.04237288135593,5676.0,11160.042372881355,234.0,4138.0,1065.0,4143.5,1717.042372881356,0.0,843.0,35.33898305084746,125.0,1168.677966101695,35.33898305084746,1083.0,1442.3389830508474,0.0,1853.0,17.0,189.0,787.3389830508474,145.0,23214.0,6951.21186440678,12398.5,55026.42372881356,400.2118644067797,31403.0,51264.21186440678,513.0,28636.0,2859.0,23663.0,7051.21186440678,175.0,26703.0,5082.8983050847455,12145.0,56309.79661016949,441.8983050847457,36319.0,61922.898305084746,590.0,32570.0,4585.0,28535.5,8602.898305084746,4.0,4506.0,128.0423728813559,309.0,23013.084745762713,124.04237288135592,8718.0,16084.042372881355,52.0,7138.0,3.0,1788.0,900.042372881356
Volkswagen,2020,89.0,4313.0,677.3983050847457,1666.0,7040.796610169492,62.39830508474577,6609.0,10228.398305084746,242.0,4762.0,919.0,4447.5,1792.3983050847457,0.0,1138.0,31.474576271186443,257.5,1240.9491525423728,31.474576271186443,1141.0,1701.4745762711864,0.0,1592.0,4.0,389.0,491.47457627118644,148.0,21759.0,3586.0593220338983,8397.0,42036.1186440678,344.0593220338983,28797.0,47598.0593220339,455.0,24883.0,2591.0,20602.5,7010.059322033898,0.0,0.0,0.0,0.0,0.0,0.0,0.0,0.0,0.0,0.0,0.0,0.0,0.0,1.0,3605.0,111.27966101694916,362.0,13970.559322033898,100.27966101694916,6155.0,14533.27966101695,19.0,4943.0,9.0,1442.0,789.2796610169491
Volvo,2016,0.0,1059.0,0.0,386.0,3728.033898305085,18.0,2746.0,1944.406779661017,176.20338983050848,3364.1101694915255,505.20338983050846,1955.406779661017,152.20338983050848,0.0,527.0,0.0,13.0,1896.6610169491523,17.0,943.0,914.9322033898305,18.966101694915253,2676.3983050847455,88.96610169491525,1585.9322033898304,82.96610169491525,0.0,11457.0,0.0,966.0,33465.50847457627,317.0,24050.0,16877.101694915254,1990.0508474576272,35157.65254237288,3974.0508474576272,28680.101694915254,1514.0508474576272,0.0,0.0,0.0,0.0,0.0,0.0,0.0,0.0,0.0,0.0,0.0,0.0,0.0,0.0,1193.0,0.0,192.0,15991.491525423728,121.0,8855.0,6692.8983050847455,1410.4491525423728,19660.84745762712,632.4491525423729,8905.898305084746,802.4491525423729
Volvo,2017,0.0,1343.0,0.0,312.0,3267.0508474576277,31.0,2501.0,2139.6101694915255,210.8050847457627,2932.415254237288,450.8050847457627,1968.6101694915255,181.8050847457627,0.0,407.0,0.0,22.0,1875.2372881355936,11.0,891.0,720.8474576271186,25.423728813559322,2456.771186440678,104.42372881355932,1518.8474576271187,64.42372881355932,0.0,11514.0,0.0,668.0,28517.06779661016,332.0,21475.0,14937.813559322034,1732.406779661017,26987.72033898305,3153.406779661017,23058.813559322036,1245.406779661017,0.0,0.0,0.0,0.0,0.0,0.0,0.0,0.0,0.0,0.0,0.0,0.0,0.0,0.0,973.0,0.0,0.0,11589.915254237285,106.0,7064.0,4331.983050847457,883.9915254237288,13549.474576271186,282.99152542372883,5601.983050847458,587.9915254237288
Volvo,2018,0.0,2140.0,0.0,382.0,3353.559322033898,46.0,2344.0,1962.7118644067798,163.35593220338984,3141.56779661017,415.35593220338984,1632.7118644067796,210.35593220338984,0.0,321.0,0.0,0.0,1667.0677966101694,16.0,745.0,623.8135593220338,28.90677966101695,1949.7203389830509,155.90677966101697,906.8135593220338,60.906779661016955,0.0,13182.0,0.0,761.0,29079.30508474577,395.0,20364.0,14794.661016949152,1580.3305084745764,25541.491525423728,3089.330508474576,18227.661016949154,1228.3305084745764,0.0,0.0,0.0,0.0,0.0,0.0,0.0,0.0,0.0,0.0,0.0,0.0,0.0,0.0,905.0,0.0,0.0,12732.20338983051,151.0,5854.0,3303.4406779661017,904.7203389830509,13094.161016949152,364.72033898305085,3814.440677966102,554.7203389830509
Volvo,2019,0.0,1961.0,0.0,470.0,3395.4237288135596,57.0,3568.0,2775.084745762712,260.04237288135596,4518.127118644068,451.04237288135596,2370.084745762712,246.04237288135593,0.0,509.0,0.0,0.0,1644.3898305084745,15.0,716.0,1137.677966101695,35.33898305084746,1477.0169491525423,118.33898305084746,644.6779661016949,64.33898305084746,0.0,11179.0,0.0,893.0,24678.118644067796,330.0,17602.0,12700.42372881356,1342.2118644067796,22776.135593220337,2390.2118644067796,14388.42372881356,1008.2118644067797,0.0,11903.0,0.0,722.0,24828.983050847455,236.0,15989.0,13658.796610169491,1361.8983050847457,20490.194915254237,1918.8983050847457,13687.796610169491,934.8983050847457,0.0,963.0,0.0,1.0,10053.423728813557,78.0,3734.0,1809.084745762712,595.042372881356,10835.127118644068,222.0423728813559,2705.084745762712,417.0423728813559
Volvo,2020,0.0,2585.0,0.0,265.0,2807.9830508474574,46.0,3778.0,2913.7966101694915,198.39830508474577,3351.1949152542375,294.39830508474574,1820.7966101694915,151.39830508474577,0.0,350.0,0.0,0.0,1396.745762711865,17.0,768.0,808.9491525423729,31.474576271186443,1351.4237288135594,93.47457627118644,584.9491525423729,68.47457627118644,0.0,9280.0,0.0,518.0,17030.59322033898,186.0,12556.0,10400.118644067796,953.0593220338983,13766.177966101695,1500.0593220338983,9151.118644067796,731.0593220338983,0.0,0.0,0.0,0.0,0.0,0.0,0.0,0.0,0.0,0.0,0.0,0.0,0.0,0.0,451.0,0.0,2.0,4972.796610169493,35.0,1965.0,1171.5593220338983,409.27966101694915,5046.838983050848,130.27966101694915,1481.5593220338983,279.27966101694915
Workhorse,2016,0.0,0.0,0.0,0.0,0.0,0.0,0.0,103.0,0.0,0.0,0.0,0.0,0.0,0.0,0.0,0.0,0.0,0.0,0.0,0.0,0.0,0.0,0.0,0.0,0.0,0.0,0.0,0.0,0.0,0.0,0.0,0.0,0.0,287.0,0.0,0.0,0.0,0.0,0.0,0.0,0.0,0.0,0.0,0.0,0.0,0.0,0.0,0.0,0.0,0.0,0.0,0.0,0.0,0.0,0.0,0.0,0.0,0.0,0.0,0.0,0.0,0.0,0.0,0.0,0.0
Workhorse,2017,0.0,0.0,0.0,0.0,0.0,0.0,0.0,52.0,0.0,0.0,0.0,0.0,0.0,0.0,0.0,0.0,0.0,0.0,0.0,0.0,0.0,0.0,0.0,0.0,0.0,0.0,0.0,0.0,0.0,0.0,0.0,0.0,0.0,498.0,0.0,0.0,0.0,0.0,0.0,0.0,0.0,0.0,0.0,0.0,0.0,0.0,0.0,0.0,0.0,0.0,0.0,0.0,0.0,0.0,0.0,0.0,0.0,0.0,0.0,0.0,0.0,0.0,0.0,0.0,0.0
Workhorse,2018,0.0,0.0,0.0,0.0,0.0,0.0,0.0,34.0,0.0,0.0,0.0,0.0,0.0,0.0,0.0,0.0,0.0,0.0,0.0,0.0,0.0,0.0,0.0,0.0,0.0,0.0,0.0,0.0,0.0,0.0,0.0,0.0,0.0,767.0,0.0,0.0,0.0,0.0,0.0,0.0,0.0,0.0,0.0,0.0,0.0,0.0,0.0,0.0,0.0,0.0,0.0,0.0,0.0,0.0,0.0,0.0,0.0,0.0,0.0,0.0,0.0,0.0,0.0,0.0,0.0
Workhorse,2019,0.0,0.0,0.0,0.0,0.0,0.0,0.0,126.0,0.0,0.0,0.0,0.0,0.0,0.0,0.0,0.0,0.0,0.0,0.0,0.0,0.0,0.0,0.0,0.0,0.0,0.0,0.0,0.0,0.0,0.0,0.0,0.0,0.0,5521.0,0.0,0.0,0.0,0.0,0.0,0.0,0.0,0.0,0.0,0.0,0.0,0.0,35442.0,0.0,0.0,0.0,0.0,0.0,0.0,0.0,0.0,0.0,0.0,0.0,0.0,21.0,0.0,0.0,0.0,0.0,0.0
Workhorse,2020,0.0,0.0,0.0,0.0,0.0,0.0,0.0,451.0,0.0,0.0,0.0,0.0,0.0,0.0,0.0,0.0,0.0,0.0,0.0,0.0,0.0,0.0,0.0,0.0,0.0,0.0,0.0,0.0,0.0,0.0,0.0,0.0,0.0,2661.0,0.0,0.0,0.0,0.0,0.0,0.0,0.0,0.0,0.0,0.0,0.0,0.0,0.0,0.0,0.0,0.0,0.0,0.0,0.0,0.0,0.0,0.0,0.0,0.0,0.0,23.0,0.0,0.0,0.0,0.0,0.0
